symbol,company,date,open,close,high,low,volume
002607.SZ,中公教育,2025-01-02,3.4,3.34,3.47,3.3,338824900
002607.SZ,中公教育,2025-01-03,3.34,3.11,3.37,3.1,380305366
002607.SZ,中公教育,2025-01-06,3.07,3.01,3.1,2.96,332488313
002607.SZ,中公教育,2025-01-07,3.07,3.17,3.19,3.06,396608033
002607.SZ,中公教育,2025-01-08,3.18,3.21,3.24,3.04,376880355
002607.SZ,中公教育,2025-01-09,3.2,3.22,3.28,3.17,268138134
002607.SZ,中公教育,2025-01-10,3.19,3.08,3.24,3.08,235431948
002607.SZ,中公教育,2025-01-13,3.03,3.06,3.1,3.0,167314400
002607.SZ,中公教育,2025-01-14,3.06,3.22,3.24,3.06,329659882
002607.SZ,中公教育,2025-01-15,3.2,3.17,3.24,3.13,262699109
002607.SZ,中公教育,2025-01-16,3.24,3.27,3.29,3.16,391567246
002607.SZ,中公教育,2025-01-17,3.24,3.34,3.43,3.21,447024213
002607.SZ,中公教育,2025-01-20,3.5,3.39,3.55,3.38,416526144
002607.SZ,中公教育,2025-01-21,3.37,3.29,3.41,3.25,287681861
002607.SZ,中公教育,2025-01-22,3.25,3.28,3.38,3.21,235380790
002607.SZ,中公教育,2025-01-23,3.35,3.33,3.43,3.3,328243902
002607.SZ,中公教育,2025-01-24,3.32,3.3,3.33,3.25,246669294
002607.SZ,中公教育,2025-01-27,3.35,3.25,3.39,3.25,205850300
002607.SZ,中公教育,2025-02-05,3.27,3.37,3.42,3.26,333669251
002607.SZ,中公教育,2025-02-06,3.34,3.45,3.46,3.27,397865424
002607.SZ,中公教育,2025-02-07,3.42,3.48,3.53,3.38,450047122
002607.SZ,中公教育,2025-02-10,3.51,3.76,3.83,3.49,797342222
002607.SZ,中公教育,2025-02-11,3.65,3.7,3.86,3.61,655168472
002607.SZ,中公教育,2025-02-12,3.67,3.81,3.94,3.67,607137873
002607.SZ,中公教育,2025-02-13,3.76,3.66,3.78,3.66,478831167
002607.SZ,中公教育,2025-02-14,3.63,3.72,3.78,3.59,420526799
002607.SZ,中公教育,2025-02-17,3.73,3.93,4.09,3.73,853710208
002607.SZ,中公教育,2025-02-18,3.83,3.68,3.89,3.66,594826546
002607.SZ,中公教育,2025-02-19,3.66,3.7,3.73,3.64,359664395
002607.SZ,中公教育,2025-02-20,3.7,3.73,3.79,3.68,344207513
002607.SZ,中公教育,2025-02-21,3.69,3.68,3.73,3.59,411808037
002607.SZ,中公教育,2025-02-24,3.64,3.59,3.65,3.55,341419960
002607.SZ,中公教育,2025-02-25,3.52,3.54,3.59,3.5,224233125
002607.SZ,中公教育,2025-02-26,3.57,3.66,3.71,3.57,377222972
002607.SZ,中公教育,2025-02-27,3.69,3.63,3.76,3.57,305847307
002607.SZ,中公教育,2025-02-28,3.6,3.42,3.61,3.41,298601648
002607.SZ,中公教育,2025-03-03,3.41,3.37,3.46,3.35,213625256
002607.SZ,中公教育,2025-03-04,3.36,3.45,3.46,3.33,210730519
002607.SZ,中公教育,2025-03-05,3.46,3.47,3.54,3.42,199539902
002607.SZ,中公教育,2025-03-06,3.48,3.55,3.57,3.48,311161652
002607.SZ,中公教育,2025-03-07,3.52,3.48,3.59,3.46,275717669
002607.SZ,中公教育,2025-03-10,3.48,3.46,3.55,3.43,182680967
002607.SZ,中公教育,2025-03-11,3.38,3.44,3.44,3.37,147138788
002607.SZ,中公教育,2025-03-12,3.46,3.45,3.48,3.43,174767000
002607.SZ,中公教育,2025-03-13,3.43,3.37,3.44,3.33,200858600
002607.SZ,中公教育,2025-03-14,3.37,3.48,3.5,3.35,266381547
002607.SZ,中公教育,2025-03-17,3.48,3.48,3.54,3.45,219246660
002607.SZ,中公教育,2025-03-18,3.49,3.5,3.57,3.48,234553233
002607.SZ,中公教育,2025-03-19,3.49,3.46,3.54,3.45,201403292
002607.SZ,中公教育,2025-03-20,3.44,3.43,3.48,3.41,159531400
002607.SZ,中公教育,2025-03-21,3.41,3.38,3.45,3.37,168308222
002607.SZ,中公教育,2025-03-24,3.39,3.32,3.41,3.25,180731553
002607.SZ,中公教育,2025-03-25,3.32,3.3,3.33,3.26,124486369
002607.SZ,中公教育,2025-03-26,3.28,3.31,3.32,3.27,124329635
002607.SZ,中公教育,2025-03-27,3.29,3.29,3.34,3.25,122915903
002607.SZ,中公教育,2025-03-28,3.29,3.24,3.3,3.23,129125943
002607.SZ,中公教育,2025-03-31,3.21,3.17,3.22,3.12,160760972
002607.SZ,中公教育,2025-04-01,3.17,3.17,3.2,3.15,100820280
002607.SZ,中公教育,2025-04-02,3.15,3.16,3.19,3.14,80120100
002607.SZ,中公教育,2025-04-03,3.14,3.22,3.23,3.12,167381341
002607.SZ,中公教育,2025-04-07,3.07,2.9,3.08,2.9,222273280
002607.SZ,中公教育,2025-04-08,2.8,2.91,2.94,2.8,234810873
002607.SZ,中公教育,2025-04-09,2.85,2.95,2.97,2.65,251859270
002607.SZ,中公教育,2025-04-10,3.0,3.0,3.06,2.96,216370549
002607.SZ,中公教育,2025-04-11,2.96,2.98,3.03,2.94,140620510
002607.SZ,中公教育,2025-04-14,3.02,3.04,3.09,3.02,172971888
002607.SZ,中公教育,2025-04-15,3.05,3.01,3.06,2.98,118710388
002607.SZ,中公教育,2025-04-16,3.0,3.08,3.24,2.97,291571598
002607.SZ,中公教育,2025-04-17,3.02,3.03,3.08,3.0,161416650
002607.SZ,中公教育,2025-04-18,3.01,3.04,3.06,2.98,130704184
002607.SZ,中公教育,2025-04-21,3.03,3.09,3.11,3.01,174396603
002607.SZ,中公教育,2025-04-22,3.09,3.11,3.17,3.07,171464102
002607.SZ,中公教育,2025-04-23,3.1,3.07,3.13,3.06,130708900
002607.SZ,中公教育,2025-04-24,3.08,3.03,3.1,3.01,139912400
002607.SZ,中公教育,2025-04-25,3.03,3.03,3.07,3.0,124535400
002607.SZ,中公教育,2025-04-28,3.01,2.96,3.04,2.96,122489020
002607.SZ,中公教育,2025-04-29,2.96,2.94,2.98,2.93,76684949
002607.SZ,中公教育,2025-04-30,2.95,3.01,3.05,2.95,148641864
002607.SZ,中公教育,2025-05-06,3.03,3.1,3.11,3.03,175061515
002607.SZ,中公教育,2025-05-07,3.14,3.07,3.14,3.05,144061400
002607.SZ,中公教育,2025-05-08,3.07,3.16,3.17,3.05,266050732
002607.SZ,中公教育,2025-05-09,3.15,3.07,3.15,3.06,159819084
002607.SZ,中公教育,2025-05-12,3.09,3.12,3.16,3.07,155382480
002607.SZ,中公教育,2025-05-13,3.15,3.1,3.17,3.09,140431090
002607.SZ,中公教育,2025-05-14,3.1,3.12,3.15,3.07,128367700
002607.SZ,中公教育,2025-05-15,3.11,3.06,3.12,3.05,115935400
002607.SZ,中公教育,2025-05-16,3.06,3.04,3.07,3.03,72355539
002607.SZ,中公教育,2025-05-19,3.04,3.06,3.07,3.01,105963240
002607.SZ,中公教育,2025-05-20,3.05,3.09,3.09,3.03,113573199
002607.SZ,中公教育,2025-05-21,3.08,3.05,3.08,3.04,80937455
002607.SZ,中公教育,2025-05-22,3.05,3.01,3.09,3.01,120234797
002607.SZ,中公教育,2025-05-23,3.06,3.01,3.06,3.01,128961960
002607.SZ,中公教育,2025-05-26,3.01,3.03,3.04,2.97,89109300
002607.SZ,中公教育,2025-05-27,3.02,3.0,3.04,2.99,105574948
002607.SZ,中公教育,2025-05-28,3.0,2.92,3.01,2.91,178276661
002607.SZ,中公教育,2025-05-29,2.91,2.96,2.98,2.9,147489419
002607.SZ,中公教育,2025-05-30,2.94,2.88,2.96,2.87,155333400
002607.SZ,中公教育,2025-06-03,2.87,2.94,2.98,2.85,175071560
002607.SZ,中公教育,2025-06-04,2.93,2.96,3.0,2.92,175842338
002607.SZ,中公教育,2025-06-05,2.96,2.97,2.98,2.93,112716587
002607.SZ,中公教育,2025-06-06,2.96,2.93,2.97,2.91,110560161
002607.SZ,中公教育,2025-06-09,2.95,3.02,3.02,2.94,219573815
002607.SZ,中公教育,2025-06-10,3.02,2.95,3.03,2.92,165807100
002607.SZ,中公教育,2025-06-11,2.95,2.98,3.01,2.94,138630779
002607.SZ,中公教育,2025-06-12,2.98,2.99,3.04,2.96,181317005
002607.SZ,中公教育,2025-06-13,2.98,2.91,2.98,2.91,176130188
002607.SZ,中公教育,2025-06-16,2.9,2.92,2.94,2.88,86714860
002607.SZ,中公教育,2025-06-17,2.92,2.91,2.94,2.89,95104400
002607.SZ,中公教育,2025-06-18,2.9,2.89,2.91,2.87,77474232
002607.SZ,中公教育,2025-06-19,2.87,2.83,2.89,2.81,125751500
002607.SZ,中公教育,2025-06-20,2.81,2.82,2.84,2.8,98929200
002607.SZ,中公教育,2025-06-23,2.81,2.81,2.82,2.78,99302780
002607.SZ,中公教育,2025-06-24,2.82,2.91,2.91,2.81,206925600
002607.SZ,中公教育,2025-06-25,2.92,2.98,2.98,2.89,210638876
002607.SZ,中公教育,2025-06-26,2.97,2.98,3.04,2.96,234463900
002607.SZ,中公教育,2025-06-27,3.0,2.99,3.05,2.97,176503380
002607.SZ,中公教育,2025-06-30,3.02,3.06,3.08,2.97,213738350
002607.SZ,中公教育,2025-07-01,3.06,3.09,3.15,3.05,262746734
002607.SZ,中公教育,2025-07-02,3.07,3.04,3.08,3.02,167047120
002607.SZ,中公教育,2025-07-03,3.03,3.05,3.07,3.03,105084581
002607.SZ,中公教育,2025-07-04,3.04,3.02,3.06,3.01,105153171
002607.SZ,中公教育,2025-07-07,3.01,3.01,3.02,2.99,82548098
002607.SZ,中公教育,2025-07-08,3.01,3.05,3.05,3.0,100811498
002607.SZ,中公教育,2025-07-09,3.05,3.07,3.09,3.03,151192049
002607.SZ,中公教育,2025-07-10,3.07,3.1,3.13,3.06,163657600
002607.SZ,中公教育,2025-07-11,3.1,3.12,3.14,3.07,155666815
002607.SZ,中公教育,2025-07-14,3.12,3.06,3.13,3.04,148958921
002607.SZ,中公教育,2025-07-15,3.05,3.04,3.07,3.0,109548899
002607.SZ,中公教育,2025-07-16,3.02,3.05,3.08,3.02,116216662
002607.SZ,中公教育,2025-07-17,3.05,3.04,3.06,3.02,91489045
002607.SZ,中公教育,2025-07-18,3.04,3.06,3.11,3.03,183130589
002607.SZ,中公教育,2025-07-21,3.06,3.06,3.08,3.03,130381850
002607.SZ,中公教育,2025-07-22,3.06,3.05,3.06,2.98,199573931
002607.SZ,中公教育,2025-07-23,3.04,3.0,3.07,3.0,167336060
002607.SZ,中公教育,2025-07-24,3.0,3.09,3.11,2.99,292732501
002607.SZ,中公教育,2025-07-25,3.09,3.08,3.12,3.06,168654500
002607.SZ,中公教育,2025-07-28,3.08,3.04,3.09,3.03,151751548
002607.SZ,中公教育,2025-07-29,3.03,3.0,3.05,2.92,342786238
002607.SZ,中公教育,2025-07-30,2.99,3.02,3.1,2.98,325896125
002607.SZ,中公教育,2025-07-31,3.01,2.96,3.04,2.95,203513471
002607.SZ,中公教育,2025-08-01,2.96,3.0,3.02,2.96,167616863
002607.SZ,中公教育,2025-08-04,2.98,2.95,2.99,2.93,147744144
002607.SZ,中公教育,2025-08-05,2.96,2.97,3.0,2.95,108953700
002607.SZ,中公教育,2025-08-06,2.98,3.01,3.04,2.95,249516599
002607.SZ,中公教育,2025-08-07,2.99,2.99,3.07,2.98,234288346
002607.SZ,中公教育,2025-08-08,2.99,2.94,3.0,2.94,194888780
002607.SZ,中公教育,2025-08-11,2.93,2.95,2.96,2.91,148494456
002607.SZ,中公教育,2025-08-12,2.95,2.93,2.95,2.92,113163600
002607.SZ,中公教育,2025-08-13,2.94,2.93,2.94,2.91,139331325
002607.SZ,中公教育,2025-08-14,2.92,2.88,2.93,2.88,160680652
002607.SZ,中公教育,2025-08-15,2.86,2.89,2.9,2.86,108171521
002607.SZ,中公教育,2025-08-18,2.9,3.0,3.07,2.9,491707744
002607.SZ,中公教育,2025-08-19,3.0,3.0,3.01,2.97,205472580
002607.SZ,中公教育,2025-08-20,2.98,3.0,3.0,2.96,162658340
002607.SZ,中公教育,2025-08-21,3.01,2.99,3.03,2.97,161280503
002607.SZ,中公教育,2025-08-22,3.04,3.11,3.11,3.0,461851524
002607.SZ,中公教育,2025-08-25,3.12,3.14,3.16,3.08,392118706
002607.SZ,中公教育,2025-08-26,3.13,3.14,3.17,3.1,209781987
002607.SZ,中公教育,2025-08-27,3.14,3.07,3.19,3.06,282067121
002607.SZ,中公教育,2025-08-28,3.06,3.08,3.1,2.98,226695806
002607.SZ,中公教育,2025-08-29,3.06,3.02,3.07,2.99,245219578
002607.SZ,中公教育,2025-09-01,3.03,3.02,3.04,2.98,173994205
002607.SZ,中公教育,2025-09-02,3.01,2.97,3.07,2.94,302746304
002607.SZ,中公教育,2025-09-03,2.97,2.95,3.05,2.93,359649671
002607.SZ,中公教育,2025-09-04,2.95,2.94,3.0,2.88,277815344
002607.SZ,中公教育,2025-09-05,2.94,3.0,3.0,2.9,231438899
002607.SZ,中公教育,2025-09-08,2.98,2.96,3.0,2.94,203317923
002607.SZ,中公教育,2025-09-09,2.95,2.92,2.97,2.91,177822942
002607.SZ,中公教育,2025-09-10,2.91,2.95,2.97,2.9,193536462
002607.SZ,中公教育,2025-09-11,2.94,2.97,2.97,2.9,191245459
002607.SZ,中公教育,2025-09-12,2.95,2.97,3.03,2.94,271266275
002607.SZ,中公教育,2025-09-15,2.99,3.02,3.08,2.98,308842764
002607.SZ,中公教育,2025-09-16,3.01,3.08,3.08,3.01,329596112
002607.SZ,中公教育,2025-09-17,3.09,3.05,3.09,3.02,219818542
002607.SZ,中公教育,2025-09-18,3.04,3.02,3.1,2.99,316381534
002607.SZ,中公教育,2025-09-19,3.01,3.01,3.03,2.95,236258360
002607.SZ,中公教育,2025-09-22,3.0,2.94,3.01,2.92,197074945
002607.SZ,中公教育,2025-09-23,2.93,2.85,2.94,2.8,286724500
002607.SZ,中公教育,2025-09-24,2.83,2.86,2.87,2.81,141910965
002607.SZ,中公教育,2025-09-25,2.85,2.86,2.87,2.83,121490223
002607.SZ,中公教育,2025-09-26,2.83,2.81,2.85,2.8,138084900
002607.SZ,中公教育,2025-09-29,2.81,2.76,2.81,2.72,207886086
002607.SZ,中公教育,2025-09-30,2.76,2.76,2.8,2.75,131778884
002607.SZ,中公教育,2025-10-09,2.77,2.78,2.79,2.74,149909078
002607.SZ,中公教育,2025-10-10,2.78,2.8,2.81,2.76,150022870
002607.SZ,中公教育,2025-10-13,2.71,2.82,2.82,2.66,150135039
002607.SZ,中公教育,2025-10-14,2.82,2.87,3.02,2.8,453306566
002607.SZ,中公教育,2025-10-15,2.8,2.81,2.81,2.77,288135647
002607.SZ,中公教育,2025-10-16,2.8,2.77,2.81,2.76,120238455
002607.SZ,中公教育,2025-10-17,2.75,2.72,2.77,2.71,127320289
002607.SZ,中公教育,2025-10-20,2.72,2.72,2.75,2.71,82307889
002607.SZ,中公教育,2025-10-21,2.72,2.73,2.74,2.71,91466498
002607.SZ,中公教育,2025-10-22,2.72,2.73,2.75,2.72,75658598
002607.SZ,中公教育,2025-10-23,2.72,2.74,2.74,2.69,93874530
002607.SZ,中公教育,2025-10-24,2.74,2.73,2.75,2.72,69641457
002607.SZ,中公教育,2025-10-27,2.75,2.77,2.77,2.73,127321706
002607.SZ,中公教育,2025-10-28,2.76,2.73,2.77,2.72,99259800
002607.SZ,中公教育,2025-10-29,2.73,2.73,2.74,2.71,69734617
002607.SZ,中公教育,2025-10-30,2.72,2.68,2.72,2.68,106822519
002607.SZ,中公教育,2025-10-31,2.68,2.72,2.73,2.68,94528292
002607.SZ,中公教育,2025-11-03,2.72,2.73,2.74,2.71,80656811
002607.SZ,中公教育,2025-11-04,2.72,2.72,2.73,2.7,74844466
002607.SZ,中公教育,2025-11-05,2.7,2.71,2.74,2.68,100202753
002607.SZ,中公教育,2025-11-06,2.71,2.7,2.72,2.69,94474922
002607.SZ,中公教育,2025-11-07,2.7,2.69,2.7,2.68,77037747
002607.SZ,中公教育,2025-11-10,2.69,2.72,2.72,2.67,115438440
002607.SZ,中公教育,2025-11-11,2.71,2.71,2.72,2.69,100355221
002607.SZ,中公教育,2025-11-12,2.71,2.69,2.72,2.68,86061052
002607.SZ,中公教育,2025-11-13,2.68,2.74,2.75,2.66,188424557
002607.SZ,中公教育,2025-11-14,2.73,2.75,2.77,2.72,186203438
002607.SZ,中公教育,2025-11-17,2.75,2.77,2.77,2.74,113976948
002607.SZ,中公教育,2025-11-18,2.77,2.73,2.77,2.71,111530061
002607.SZ,中公教育,2025-11-19,2.73,2.7,2.76,2.68,110285600
002607.SZ,中公教育,2025-11-20,2.7,2.67,2.7,2.66,106828299
002607.SZ,中公教育,2025-11-21,2.65,2.56,2.67,2.55,156430700
002607.SZ,中公教育,2025-11-24,2.55,2.59,2.61,2.54,83634100
002607.SZ,中公教育,2025-11-25,2.6,2.67,2.71,2.59,154237421
002607.SZ,中公教育,2025-11-26,2.65,2.63,2.67,2.62,108815505
002607.SZ,中公教育,2025-11-27,2.63,2.59,2.64,2.59,74218673
002607.SZ,中公教育,2025-11-28,2.59,2.66,2.66,2.58,123770291
002607.SZ,中公教育,2025-12-01,2.64,2.63,2.65,2.62,84206733
002607.SZ,中公教育,2025-12-02,2.61,2.57,2.61,2.56,111814452
002607.SZ,中公教育,2025-12-03,2.56,2.49,2.57,2.47,138870310
002607.SZ,中公教育,2025-12-04,2.48,2.39,2.49,2.38,178898934
002607.SZ,中公教育,2025-12-05,2.38,2.42,2.43,2.32,137281276
002607.SZ,中公教育,2025-12-08,2.41,2.42,2.43,2.39,98954775
002607.SZ,中公教育,2025-12-09,2.42,2.41,2.43,2.4,78306745
002607.SZ,中公教育,2025-12-10,2.4,2.65,2.65,2.39,285831387
002607.SZ,中公教育,2025-12-11,2.65,2.66,2.75,2.6,452235228
002607.SZ,中公教育,2025-12-12,2.62,2.57,2.64,2.56,216772051
002607.SZ,中公教育,2025-12-15,2.55,2.52,2.58,2.5,147716500
002607.SZ,中公教育,2025-12-16,2.61,2.77,2.77,2.61,353291195
002607.SZ,中公教育,2025-12-17,2.74,2.75,2.76,2.67,386581518
002607.SZ,中公教育,2025-12-18,2.73,2.72,2.83,2.72,302161725
002607.SZ,中公教育,2025-12-19,2.72,2.82,2.95,2.69,404515869
002607.SZ,中公教育,2025-12-22,2.8,2.75,2.81,2.74,233533223
002607.SZ,中公教育,2025-12-23,2.73,2.72,2.76,2.7,169949675
002607.SZ,中公教育,2025-12-24,2.7,2.71,2.72,2.65,172542309
002607.SZ,中公教育,2025-12-25,2.7,2.7,2.71,2.67,118578602
002607.SZ,中公教育,2025-12-26,2.69,2.7,2.72,2.68,130611198
002607.SZ,中公教育,2025-12-29,2.69,2.69,2.72,2.65,149298339
002607.SZ,中公教育,2025-12-30,2.7,2.63,2.7,2.63,125615900
002607.SZ,中公教育,2025-12-31,2.73,2.74,2.84,2.7,354732178
003032.SZ,传智教育,2025-01-02,9.91,9.44,10.05,9.35,16681216
003032.SZ,传智教育,2025-01-03,9.41,8.82,9.5,8.74,17503855
003032.SZ,传智教育,2025-01-06,8.85,8.75,8.92,8.52,9827800
003032.SZ,传智教育,2025-01-07,8.82,8.99,8.99,8.77,8832300
003032.SZ,传智教育,2025-01-08,9.22,9.03,9.31,8.7,15622500
003032.SZ,传智教育,2025-01-09,8.87,9.0,9.08,8.87,9476184
003032.SZ,传智教育,2025-01-10,8.99,8.72,9.04,8.72,9608500
003032.SZ,传智教育,2025-01-13,8.6,8.75,8.75,8.42,7503400
003032.SZ,传智教育,2025-01-14,8.77,9.2,9.2,8.77,12537600
003032.SZ,传智教育,2025-01-15,9.15,9.14,9.3,9.11,10277200
003032.SZ,传智教育,2025-01-16,9.24,9.16,9.27,9.09,8956400
003032.SZ,传智教育,2025-01-17,9.11,9.13,9.23,9.03,6023300
003032.SZ,传智教育,2025-01-20,9.59,9.23,9.59,9.2,16258600
003032.SZ,传智教育,2025-01-21,9.11,8.96,9.23,8.88,12729500
003032.SZ,传智教育,2025-01-22,8.87,8.78,8.95,8.77,7800646
003032.SZ,传智教育,2025-01-23,8.89,8.85,9.12,8.81,12545600
003032.SZ,传智教育,2025-01-24,8.83,9.1,9.15,8.75,13326900
003032.SZ,传智教育,2025-01-27,8.19,8.19,8.19,8.19,4763500
003032.SZ,传智教育,2025-02-05,7.37,8.26,8.5,7.37,51839152
003032.SZ,传智教育,2025-02-06,7.77,7.98,8.06,7.66,36963422
003032.SZ,传智教育,2025-02-07,7.99,8.17,8.24,7.93,32090845
003032.SZ,传智教育,2025-02-10,8.2,8.99,8.99,8.18,38136074
003032.SZ,传智教育,2025-02-11,9.28,9.25,9.69,8.99,53303290
003032.SZ,传智教育,2025-02-12,9.17,9.15,9.27,9.02,31375545
003032.SZ,传智教育,2025-02-13,9.25,9.2,9.38,9.1,25744300
003032.SZ,传智教育,2025-02-14,9.14,9.04,9.15,8.83,21234600
003032.SZ,传智教育,2025-02-17,9.06,9.94,9.94,9.06,31895600
003032.SZ,传智教育,2025-02-18,10.39,9.23,10.39,9.16,54065450
003032.SZ,传智教育,2025-02-19,9.22,9.44,9.61,9.22,31722101
003032.SZ,传智教育,2025-02-20,9.42,9.49,9.63,9.32,29436801
003032.SZ,传智教育,2025-02-21,9.43,9.37,9.49,9.16,27252831
003032.SZ,传智教育,2025-02-24,9.26,9.22,9.34,9.03,20842045
003032.SZ,传智教育,2025-02-25,9.11,9.14,9.32,9.02,16071487
003032.SZ,传智教育,2025-02-26,9.22,9.4,9.43,9.19,21707763
003032.SZ,传智教育,2025-02-27,9.48,9.48,9.71,9.25,30971750
003032.SZ,传智教育,2025-02-28,9.39,8.8,9.39,8.7,21795255
003032.SZ,传智教育,2025-03-03,8.73,8.47,8.85,8.38,21605713
003032.SZ,传智教育,2025-03-04,8.3,8.52,8.53,8.28,13537000
003032.SZ,传智教育,2025-03-05,8.5,8.55,8.62,8.33,14581562
003032.SZ,传智教育,2025-03-06,8.6,8.81,8.84,8.55,20548362
003032.SZ,传智教育,2025-03-07,8.79,8.62,8.91,8.56,16138700
003032.SZ,传智教育,2025-03-10,8.72,8.78,9.08,8.72,19904500
003032.SZ,传智教育,2025-03-11,8.68,8.61,8.7,8.52,12116400
003032.SZ,传智教育,2025-03-12,8.61,8.52,8.68,8.52,11724200
003032.SZ,传智教育,2025-03-13,8.5,8.43,8.53,8.28,11175617
003032.SZ,传智教育,2025-03-14,8.38,8.54,8.55,8.3,11354484
003032.SZ,传智教育,2025-03-17,8.6,8.55,8.68,8.53,12251984
003032.SZ,传智教育,2025-03-18,8.55,8.62,8.87,8.51,14976184
003032.SZ,传智教育,2025-03-19,8.75,8.79,8.9,8.6,22830984
003032.SZ,传智教育,2025-03-20,8.67,8.53,8.68,8.5,15154400
003032.SZ,传智教育,2025-03-21,8.41,8.22,8.5,8.22,13706300
003032.SZ,传智教育,2025-03-24,8.14,8.01,8.14,7.77,13705200
003032.SZ,传智教育,2025-03-25,8.0,8.06,8.06,7.83,7997030
003032.SZ,传智教育,2025-03-26,8.01,8.02,8.07,7.94,6856300
003032.SZ,传智教育,2025-03-27,8.02,7.93,8.08,7.87,6247700
003032.SZ,传智教育,2025-03-28,7.9,7.81,7.95,7.81,5766300
003032.SZ,传智教育,2025-03-31,7.69,7.65,7.73,7.54,7114300
003032.SZ,传智教育,2025-04-01,7.65,7.69,7.76,7.65,5319700
003032.SZ,传智教育,2025-04-02,7.7,7.61,7.75,7.6,5319100
003032.SZ,传智教育,2025-04-03,7.58,7.57,7.64,7.51,5185200
003032.SZ,传智教育,2025-04-07,7.25,6.81,7.25,6.81,8920400
003032.SZ,传智教育,2025-04-08,6.78,6.5,6.94,6.29,12589820
003032.SZ,传智教育,2025-04-09,6.39,6.61,6.66,5.87,12707400
003032.SZ,传智教育,2025-04-10,6.72,6.77,6.88,6.69,9886700
003032.SZ,传智教育,2025-04-11,6.66,6.8,6.9,6.66,7239979
003032.SZ,传智教育,2025-04-14,6.64,6.7,6.88,6.6,17254030
003032.SZ,传智教育,2025-04-15,6.68,6.52,6.73,6.52,11159100
003032.SZ,传智教育,2025-04-16,6.46,6.72,7.06,6.31,21431450
003032.SZ,传智教育,2025-04-17,6.53,6.44,6.59,6.37,15669552
003032.SZ,传智教育,2025-04-18,6.35,6.29,6.58,6.28,11735176
003032.SZ,传智教育,2025-04-21,5.66,5.74,5.96,5.66,35361854
003032.SZ,传智教育,2025-04-22,5.74,5.74,5.74,5.74,0
003032.SZ,传智教育,2025-04-23,5.45,5.45,5.45,5.45,3178600
003032.SZ,传智教育,2025-04-24,5.18,5.18,5.18,5.18,4052500
003032.SZ,传智教育,2025-04-25,4.92,4.92,4.92,4.92,8962500
003032.SZ,传智教育,2025-04-28,4.92,5.06,5.17,4.92,35351805
003032.SZ,传智教育,2025-04-29,4.94,5.27,5.3,4.92,19847006
003032.SZ,传智教育,2025-04-30,5.3,5.3,5.43,5.25,13220700
003032.SZ,传智教育,2025-05-06,5.3,5.48,5.5,5.28,14148200
003032.SZ,传智教育,2025-05-07,5.58,5.63,5.63,5.41,13784168
003032.SZ,传智教育,2025-05-08,5.65,5.66,5.72,5.59,8613000
003032.SZ,传智教育,2025-05-09,5.64,5.89,5.9,5.64,11824600
003032.SZ,传智教育,2025-05-12,5.9,6.18,6.18,5.9,9309468
003032.SZ,传智教育,2025-05-13,6.42,6.1,6.43,6.0,15617800
003032.SZ,传智教育,2025-05-14,6.12,6.0,6.15,5.93,8536893
003032.SZ,传智教育,2025-05-15,6.11,5.98,6.15,5.97,7382900
003032.SZ,传智教育,2025-05-16,5.94,5.91,5.99,5.82,6668832
003032.SZ,传智教育,2025-05-19,5.97,6.04,6.09,5.92,5999700
003032.SZ,传智教育,2025-05-20,6.05,6.02,6.15,6.0,6188400
003032.SZ,传智教育,2025-05-21,6.0,6.06,6.1,5.98,5478500
003032.SZ,传智教育,2025-05-22,6.06,5.86,6.1,5.83,8165100
003032.SZ,传智教育,2025-05-23,5.84,5.74,5.85,5.74,5387600
003032.SZ,传智教育,2025-05-26,5.74,5.79,5.82,5.73,4108520
003032.SZ,传智教育,2025-05-27,5.79,5.9,5.94,5.78,6027500
003032.SZ,传智教育,2025-05-28,5.98,5.92,6.02,5.87,4951300
003032.SZ,传智教育,2025-05-29,5.93,6.04,6.04,5.9,6941993
003032.SZ,传智教育,2025-05-30,6.02,6.08,6.08,5.96,5154600
003032.SZ,传智教育,2025-06-03,6.05,6.12,6.17,6.05,6079900
003032.SZ,传智教育,2025-06-04,6.16,6.3,6.3,6.13,6580500
003032.SZ,传智教育,2025-06-05,6.34,6.27,6.49,6.22,11544028
003032.SZ,传智教育,2025-06-06,6.3,6.35,6.36,6.21,5813200
003032.SZ,传智教育,2025-06-09,6.37,6.36,6.4,6.32,4556200
003032.SZ,传智教育,2025-06-10,6.37,6.23,6.42,6.19,8041500
003032.SZ,传智教育,2025-06-11,6.25,6.35,6.36,6.24,5366200
003032.SZ,传智教育,2025-06-12,6.35,6.46,6.47,6.31,6704900
003032.SZ,传智教育,2025-06-13,6.53,6.46,6.78,6.44,19805898
003032.SZ,传智教育,2025-06-16,6.38,6.5,6.55,6.3,8579900
003032.SZ,传智教育,2025-06-17,6.56,6.67,6.75,6.52,8779269
003032.SZ,传智教育,2025-06-18,6.66,6.6,6.79,6.53,7662201
003032.SZ,传智教育,2025-06-19,6.55,6.28,6.59,6.27,10460500
003032.SZ,传智教育,2025-06-20,6.24,6.03,6.32,6.0,9661829
003032.SZ,传智教育,2025-06-23,5.91,6.13,6.14,5.85,7138000
003032.SZ,传智教育,2025-06-24,6.14,6.44,6.44,6.14,8652300
003032.SZ,传智教育,2025-06-25,6.49,6.52,6.62,6.44,9505500
003032.SZ,传智教育,2025-06-26,6.58,6.42,6.6,6.37,6717700
003032.SZ,传智教育,2025-06-27,6.44,6.34,6.45,6.32,5783800
003032.SZ,传智教育,2025-06-30,6.4,6.55,6.55,6.4,6369406
003032.SZ,传智教育,2025-07-01,6.64,6.79,6.8,6.57,11503700
003032.SZ,传智教育,2025-07-02,6.78,6.75,6.86,6.68,7817700
003032.SZ,传智教育,2025-07-03,6.73,6.69,6.87,6.65,7229968
003032.SZ,传智教育,2025-07-04,6.68,6.51,6.68,6.48,6808000
003032.SZ,传智教育,2025-07-07,6.51,6.58,6.63,6.45,4455300
003032.SZ,传智教育,2025-07-08,6.58,6.64,6.64,6.55,3215000
003032.SZ,传智教育,2025-07-09,6.67,6.54,6.67,6.53,5252600
003032.SZ,传智教育,2025-07-10,6.54,6.59,6.63,6.52,4732001
003032.SZ,传智教育,2025-07-11,6.58,6.48,6.62,6.47,5185100
003032.SZ,传智教育,2025-07-14,6.49,6.42,6.5,6.34,4967006
003032.SZ,传智教育,2025-07-15,6.57,6.56,6.66,6.48,7399411
003032.SZ,传智教育,2025-07-16,6.57,6.78,6.81,6.53,8535611
003032.SZ,传智教育,2025-07-17,6.78,6.73,6.8,6.71,4665800
003032.SZ,传智教育,2025-07-18,6.72,6.74,6.84,6.7,4265400
003032.SZ,传智教育,2025-07-21,6.73,6.68,6.77,6.67,4498800
003032.SZ,传智教育,2025-07-22,6.67,6.56,6.67,6.54,6057600
003032.SZ,传智教育,2025-07-23,6.56,6.48,6.59,6.48,4387600
003032.SZ,传智教育,2025-07-24,6.49,6.55,6.59,6.49,4598100
003032.SZ,传智教育,2025-07-25,6.54,6.57,6.62,6.5,4085324
003032.SZ,传智教育,2025-07-28,6.6,6.49,6.6,6.48,4575600
003032.SZ,传智教育,2025-07-29,6.5,6.45,6.5,6.39,4226537
003032.SZ,传智教育,2025-07-30,6.46,6.51,6.52,6.38,5091600
003032.SZ,传智教育,2025-07-31,6.48,6.41,6.54,6.39,5002500
003032.SZ,传智教育,2025-08-01,6.4,6.48,6.51,6.4,3783900
003032.SZ,传智教育,2025-08-04,6.47,6.5,6.52,6.43,2798000
003032.SZ,传智教育,2025-08-05,6.53,6.53,6.54,6.49,2840500
003032.SZ,传智教育,2025-08-06,6.53,6.61,6.62,6.49,4644100
003032.SZ,传智教育,2025-08-07,6.6,6.63,6.69,6.59,5269100
003032.SZ,传智教育,2025-08-08,6.63,6.63,6.68,6.56,4262600
003032.SZ,传智教育,2025-08-11,6.61,6.66,6.67,6.61,3214800
003032.SZ,传智教育,2025-08-12,6.65,6.75,6.75,6.63,5165600
003032.SZ,传智教育,2025-08-13,6.78,6.68,6.79,6.63,5882500
003032.SZ,传智教育,2025-08-14,6.67,6.47,6.67,6.47,6179100
003032.SZ,传智教育,2025-08-15,6.48,6.6,6.62,6.45,4646000
003032.SZ,传智教育,2025-08-18,6.59,6.66,6.73,6.58,7242900
003032.SZ,传智教育,2025-08-19,6.66,6.66,6.66,6.57,7103700
003032.SZ,传智教育,2025-08-20,6.63,6.75,6.76,6.6,7351400
003032.SZ,传智教育,2025-08-21,6.76,6.91,6.96,6.71,9502000
003032.SZ,传智教育,2025-08-22,6.93,6.95,6.97,6.86,6091000
003032.SZ,传智教育,2025-08-25,6.97,6.98,7.03,6.87,6599900
003032.SZ,传智教育,2025-08-26,6.95,6.89,6.96,6.87,6775500
003032.SZ,传智教育,2025-08-27,6.91,6.78,6.93,6.65,7528300
003032.SZ,传智教育,2025-08-28,6.76,6.8,6.86,6.6,8987300
003032.SZ,传智教育,2025-08-29,6.9,6.68,6.91,6.65,10301000
003032.SZ,传智教育,2025-09-01,6.67,6.72,6.78,6.65,6300800
003032.SZ,传智教育,2025-09-02,6.69,6.56,6.71,6.52,6755500
003032.SZ,传智教育,2025-09-03,6.56,6.54,6.64,6.5,6578600
003032.SZ,传智教育,2025-09-04,6.53,6.47,6.59,6.42,5680500
003032.SZ,传智教育,2025-09-05,6.46,6.6,6.6,6.42,5375836
003032.SZ,传智教育,2025-09-08,6.59,6.68,6.69,6.59,3923236
003032.SZ,传智教育,2025-09-09,6.64,6.68,6.71,6.62,4611436
003032.SZ,传智教育,2025-09-10,6.68,6.74,6.74,6.64,5144131
003032.SZ,传智教育,2025-09-11,6.74,6.75,6.75,6.66,4716800
003032.SZ,传智教育,2025-09-12,6.73,6.68,6.75,6.67,4594500
003032.SZ,传智教育,2025-09-15,6.71,6.8,6.8,6.67,6448481
003032.SZ,传智教育,2025-09-16,6.79,6.78,6.83,6.71,4232300
003032.SZ,传智教育,2025-09-17,6.81,6.77,6.89,6.74,5057700
003032.SZ,传智教育,2025-09-18,6.8,6.57,6.8,6.53,7325100
003032.SZ,传智教育,2025-09-19,6.59,6.59,6.6,6.52,4638700
003032.SZ,传智教育,2025-09-22,6.57,6.55,6.6,6.49,4424600
003032.SZ,传智教育,2025-09-23,6.55,6.26,6.55,6.22,11500100
003032.SZ,传智教育,2025-09-24,6.19,6.3,6.33,6.19,6443600
003032.SZ,传智教育,2025-09-25,6.26,6.19,6.33,6.18,5946400
003032.SZ,传智教育,2025-09-26,6.13,6.26,6.34,6.07,6577395
003032.SZ,传智教育,2025-09-29,6.25,6.31,6.31,6.18,4504300
003032.SZ,传智教育,2025-09-30,6.33,6.36,6.38,6.3,3645800
003032.SZ,传智教育,2025-10-09,6.32,6.29,6.35,6.24,4538100
003032.SZ,传智教育,2025-10-10,6.29,6.3,6.32,6.25,3074400
003032.SZ,传智教育,2025-10-13,6.14,6.23,6.23,6.11,3299600
003032.SZ,传智教育,2025-10-14,6.22,6.21,6.31,6.15,3906100
003032.SZ,传智教育,2025-10-15,6.18,6.26,6.26,6.16,2881600
003032.SZ,传智教育,2025-10-16,6.39,6.38,6.49,6.3,7779000
003032.SZ,传智教育,2025-10-17,6.33,6.23,6.36,6.23,4042800
003032.SZ,传智教育,2025-10-20,6.27,6.42,6.47,6.26,6430000
003032.SZ,传智教育,2025-10-21,6.41,6.52,6.52,6.4,4343100
003032.SZ,传智教育,2025-10-22,6.57,6.61,6.74,6.55,8152700
003032.SZ,传智教育,2025-10-23,6.59,6.7,6.7,6.58,4032100
003032.SZ,传智教育,2025-10-24,6.71,6.74,6.75,6.67,4177700
003032.SZ,传智教育,2025-10-27,6.74,6.78,6.8,6.71,4018600
003032.SZ,传智教育,2025-10-28,6.78,6.79,6.86,6.73,5137400
003032.SZ,传智教育,2025-10-29,6.83,6.76,6.84,6.57,10096800
003032.SZ,传智教育,2025-10-30,6.71,6.63,6.75,6.6,4732500
003032.SZ,传智教育,2025-10-31,6.63,6.7,6.72,6.63,4905500
003032.SZ,传智教育,2025-11-03,6.71,6.87,6.89,6.7,5373000
003032.SZ,传智教育,2025-11-04,6.87,6.82,6.88,6.76,4885000
003032.SZ,传智教育,2025-11-05,6.75,7.08,7.12,6.74,9253600
003032.SZ,传智教育,2025-11-06,7.16,7.18,7.27,7.07,8227600
003032.SZ,传智教育,2025-11-07,7.21,7.08,7.27,7.08,5188400
003032.SZ,传智教育,2025-11-10,7.06,7.16,7.21,7.05,5088900
003032.SZ,传智教育,2025-11-11,7.15,7.15,7.22,7.14,3970400
003032.SZ,传智教育,2025-11-12,7.15,7.02,7.17,6.94,7548000
003032.SZ,传智教育,2025-11-13,7.02,7.02,7.05,6.94,5130000
003032.SZ,传智教育,2025-11-14,7.0,7.01,7.07,6.98,3371200
003032.SZ,传智教育,2025-11-17,7.02,6.92,7.03,6.85,4389500
003032.SZ,传智教育,2025-11-18,6.91,6.82,6.92,6.8,4424901
003032.SZ,传智教育,2025-11-19,6.84,6.81,6.88,6.69,5056600
003032.SZ,传智教育,2025-11-20,6.78,6.69,6.85,6.68,5859000
003032.SZ,传智教育,2025-11-21,6.64,6.42,6.68,6.36,9554100
003032.SZ,传智教育,2025-11-24,6.45,6.57,6.57,6.41,6076600
003032.SZ,传智教育,2025-11-25,6.57,6.68,6.69,6.55,3464732
003032.SZ,传智教育,2025-11-26,6.65,6.63,6.73,6.58,3867400
003032.SZ,传智教育,2025-11-27,6.6,6.68,6.72,6.55,2720300
003032.SZ,传智教育,2025-11-28,6.69,6.71,6.72,6.64,2098800
003032.SZ,传智教育,2025-12-01,6.7,6.64,6.71,6.6,3782000
003032.SZ,传智教育,2025-12-02,6.63,6.58,6.63,6.52,3423900
003032.SZ,传智教育,2025-12-03,6.57,6.47,6.58,6.46,3491800
003032.SZ,传智教育,2025-12-04,6.47,6.38,6.49,6.36,3809200
003032.SZ,传智教育,2025-12-05,6.38,6.47,6.47,6.32,3115400
003032.SZ,传智教育,2025-12-08,6.47,6.45,6.51,6.43,2835100
003032.SZ,传智教育,2025-12-09,6.43,6.36,6.46,6.34,3443600
003032.SZ,传智教育,2025-12-10,6.36,6.44,6.47,6.35,3429900
003032.SZ,传智教育,2025-12-11,6.43,6.28,6.44,6.25,3802400
003032.SZ,传智教育,2025-12-12,6.29,6.28,6.38,6.23,3342400
003032.SZ,传智教育,2025-12-15,6.24,6.18,6.28,6.14,5163700
003032.SZ,传智教育,2025-12-16,6.16,6.08,6.19,6.05,6256700
003032.SZ,传智教育,2025-12-17,6.06,6.14,6.14,6.0,5366800
003032.SZ,传智教育,2025-12-18,6.13,6.22,6.24,6.1,3542536
003032.SZ,传智教育,2025-12-19,6.22,6.29,6.32,6.18,2865700
003032.SZ,传智教育,2025-12-22,6.31,6.34,6.36,6.26,3548700
003032.SZ,传智教育,2025-12-23,6.31,6.28,6.33,6.25,2245700
003032.SZ,传智教育,2025-12-24,6.26,6.28,6.31,6.26,3236300
003032.SZ,传智教育,2025-12-25,6.29,6.3,6.33,6.27,3369100
003032.SZ,传智教育,2025-12-26,6.29,6.34,6.35,6.27,3648000
003032.SZ,传智教育,2025-12-29,6.32,6.41,6.41,6.3,3132200
003032.SZ,传智教育,2025-12-30,6.38,6.36,6.45,6.33,3845200
003032.SZ,传智教育,2025-12-31,6.38,6.37,6.42,6.31,3801100
300010.SZ,豆神教育,2025-01-02,6.26,6.36,6.5,6.12,148349389
300010.SZ,豆神教育,2025-01-03,6.31,5.98,6.37,5.94,148041850
300010.SZ,豆神教育,2025-01-06,5.88,6.17,6.24,5.72,126974200
300010.SZ,豆神教育,2025-01-07,6.17,6.29,6.3,5.95,120830282
300010.SZ,豆神教育,2025-01-08,6.18,6.32,6.43,5.95,144352289
300010.SZ,豆神教育,2025-01-09,6.22,6.45,6.53,6.21,150029303
300010.SZ,豆神教育,2025-01-10,6.43,6.11,6.65,6.11,147895423
300010.SZ,豆神教育,2025-01-13,5.95,6.11,6.21,5.81,93941921
300010.SZ,豆神教育,2025-01-14,6.15,6.46,6.49,6.15,152763511
300010.SZ,豆神教育,2025-01-15,6.49,6.55,6.9,6.49,248290830
300010.SZ,豆神教育,2025-01-16,6.83,6.79,6.87,6.64,244581180
300010.SZ,豆神教育,2025-01-17,6.82,6.42,6.86,6.33,193980060
300010.SZ,豆神教育,2025-01-20,6.79,6.57,6.9,6.53,147164400
300010.SZ,豆神教育,2025-01-21,6.51,6.41,6.58,6.27,127732130
300010.SZ,豆神教育,2025-01-22,6.4,6.25,6.43,6.24,76124000
300010.SZ,豆神教育,2025-01-23,6.57,7.25,7.5,6.5,425465010
300010.SZ,豆神教育,2025-01-24,7.28,7.71,7.82,7.2,374070095
300010.SZ,豆神教育,2025-01-27,7.88,7.78,7.98,7.46,264294324
300010.SZ,豆神教育,2025-02-05,7.98,8.4,8.41,7.56,362310392
300010.SZ,豆神教育,2025-02-06,8.16,8.59,8.74,7.92,295137610
300010.SZ,豆神教育,2025-02-07,8.4,8.35,8.86,8.18,275574204
300010.SZ,豆神教育,2025-02-10,8.4,8.44,8.6,8.02,268315085
300010.SZ,豆神教育,2025-02-11,8.28,8.51,9.21,8.1,354843818
300010.SZ,豆神教育,2025-02-12,8.3,8.46,8.69,8.25,211275012
300010.SZ,豆神教育,2025-02-13,8.56,8.53,8.91,8.48,242877300
300010.SZ,豆神教育,2025-02-14,8.33,8.18,8.49,8.1,198969455
300010.SZ,豆神教育,2025-02-17,8.3,9.0,9.32,8.3,377332279
300010.SZ,豆神教育,2025-02-18,8.72,8.19,8.75,8.18,275643247
300010.SZ,豆神教育,2025-02-19,8.12,8.34,8.37,8.04,151624192
300010.SZ,豆神教育,2025-02-20,8.3,8.46,8.62,8.25,160762928
300010.SZ,豆神教育,2025-02-21,8.46,8.72,8.86,8.22,230452440
300010.SZ,豆神教育,2025-02-24,8.59,8.47,8.59,8.31,156265718
300010.SZ,豆神教育,2025-02-25,8.3,8.37,8.55,8.2,107364406
300010.SZ,豆神教育,2025-02-26,8.37,8.42,8.59,8.32,115360472
300010.SZ,豆神教育,2025-02-27,8.41,8.23,8.61,8.1,128003669
300010.SZ,豆神教育,2025-02-28,8.13,7.47,8.13,7.37,149073966
300010.SZ,豆神教育,2025-03-03,7.63,7.51,7.77,7.38,85169976
300010.SZ,豆神教育,2025-03-04,7.39,7.69,7.79,7.31,97844355
300010.SZ,豆神教育,2025-03-05,7.62,7.85,7.98,7.59,109551599
300010.SZ,豆神教育,2025-03-06,7.87,8.25,8.35,7.82,174492617
300010.SZ,豆神教育,2025-03-07,8.31,8.38,8.84,8.22,248958366
300010.SZ,豆神教育,2025-03-10,8.47,8.17,8.6,8.1,145081151
300010.SZ,豆神教育,2025-03-11,7.95,8.12,8.27,7.8,98172500
300010.SZ,豆神教育,2025-03-12,8.13,8.04,8.18,8.02,88080300
300010.SZ,豆神教育,2025-03-13,7.99,7.78,8.05,7.7,93621180
300010.SZ,豆神教育,2025-03-14,7.73,8.13,8.18,7.73,111622105
300010.SZ,豆神教育,2025-03-17,8.13,8.26,8.5,8.1,132124046
300010.SZ,豆神教育,2025-03-18,8.25,8.58,8.96,8.25,246914124
300010.SZ,豆神教育,2025-03-19,8.4,8.31,8.87,8.26,194823336
300010.SZ,豆神教育,2025-03-20,8.28,8.11,8.32,8.11,100270200
300010.SZ,豆神教育,2025-03-21,8.02,8.11,8.2,7.97,87562300
300010.SZ,豆神教育,2025-03-24,8.03,7.79,8.03,7.51,114693700
300010.SZ,豆神教育,2025-03-25,7.97,7.94,8.29,7.9,91562129
300010.SZ,豆神教育,2025-03-26,7.8,7.97,8.05,7.68,65341800
300010.SZ,豆神教育,2025-03-27,7.97,7.78,7.99,7.75,55429999
300010.SZ,豆神教育,2025-03-28,7.82,8.05,8.22,7.66,102147400
300010.SZ,豆神教育,2025-03-31,7.86,8.02,8.27,7.81,88677329
300010.SZ,豆神教育,2025-04-01,8.0,7.87,8.01,7.81,56797724
300010.SZ,豆神教育,2025-04-02,7.82,7.71,7.93,7.7,50822800
300010.SZ,豆神教育,2025-04-03,7.7,7.74,7.8,7.61,39776884
300010.SZ,豆神教育,2025-04-07,7.12,6.2,7.16,6.19,110733084
300010.SZ,豆神教育,2025-04-08,6.45,6.47,6.7,6.3,86668248
300010.SZ,豆神教育,2025-04-09,6.3,6.59,6.66,5.79,102287800
300010.SZ,豆神教育,2025-04-10,6.8,6.86,7.0,6.74,90981648
300010.SZ,豆神教育,2025-04-11,6.75,6.83,6.92,6.71,55541600
300010.SZ,豆神教育,2025-04-14,7.04,7.03,7.18,6.96,75927500
300010.SZ,豆神教育,2025-04-15,7.42,7.07,7.58,7.02,84146502
300010.SZ,豆神教育,2025-04-16,6.89,7.09,7.34,6.81,90525400
300010.SZ,豆神教育,2025-04-17,6.92,6.99,7.05,6.88,56458553
300010.SZ,豆神教育,2025-04-18,6.91,6.95,7.02,6.91,32729800
300010.SZ,豆神教育,2025-04-21,6.91,7.16,7.23,6.89,60903300
300010.SZ,豆神教育,2025-04-22,7.15,7.07,7.22,7.05,38932400
300010.SZ,豆神教育,2025-04-23,7.12,7.07,7.16,7.02,37908685
300010.SZ,豆神教育,2025-04-24,7.11,7.0,7.14,6.97,46907700
300010.SZ,豆神教育,2025-04-25,6.99,6.97,7.03,6.93,37359802
300010.SZ,豆神教育,2025-04-28,6.91,7.09,7.22,6.91,68983205
300010.SZ,豆神教育,2025-04-29,7.09,6.91,7.12,6.81,60767701
300010.SZ,豆神教育,2025-04-30,6.92,7.15,7.33,6.92,99960647
300010.SZ,豆神教育,2025-05-06,7.45,7.73,7.88,7.45,155547647
300010.SZ,豆神教育,2025-05-07,7.85,7.65,7.9,7.57,75795926
300010.SZ,豆神教育,2025-05-08,7.6,7.62,7.7,7.57,54298346
300010.SZ,豆神教育,2025-05-09,7.65,7.42,7.76,7.41,56454695
300010.SZ,豆神教育,2025-05-12,7.45,7.49,7.52,7.41,39896000
300010.SZ,豆神教育,2025-05-13,7.63,7.38,7.64,7.33,51132900
300010.SZ,豆神教育,2025-05-14,7.34,7.36,7.41,7.28,42349696
300010.SZ,豆神教育,2025-05-15,7.42,7.14,7.43,7.13,48696676
300010.SZ,豆神教育,2025-05-16,7.11,7.13,7.25,7.08,34166702
300010.SZ,豆神教育,2025-05-19,7.13,7.23,7.3,7.0,44811710
300010.SZ,豆神教育,2025-05-20,7.2,7.27,7.3,7.11,45660352
300010.SZ,豆神教育,2025-05-21,7.22,7.2,7.25,7.09,42788332
300010.SZ,豆神教育,2025-05-22,7.19,7.05,7.27,7.04,40358942
300010.SZ,豆神教育,2025-05-23,7.04,6.95,7.1,6.92,42274400
300010.SZ,豆神教育,2025-05-26,6.98,7.01,7.08,6.95,31719700
300010.SZ,豆神教育,2025-05-27,7.05,7.01,7.22,7.0,50844200
300010.SZ,豆神教育,2025-05-28,7.02,6.86,7.05,6.82,41797200
300010.SZ,豆神教育,2025-05-29,6.81,6.99,6.99,6.81,38146786
300010.SZ,豆神教育,2025-05-30,6.99,6.8,7.0,6.78,36218734
300010.SZ,豆神教育,2025-06-03,6.79,6.94,7.03,6.76,54836000
300010.SZ,豆神教育,2025-06-04,6.92,6.93,7.0,6.86,41542088
300010.SZ,豆神教育,2025-06-05,6.95,7.04,7.09,6.89,51927842
300010.SZ,豆神教育,2025-06-06,7.06,6.95,7.07,6.9,36841000
300010.SZ,豆神教育,2025-06-09,7.05,7.47,7.48,7.04,171997235
300010.SZ,豆神教育,2025-06-10,7.4,7.52,7.57,7.35,100633210
300010.SZ,豆神教育,2025-06-11,7.45,7.91,7.98,7.45,168656733
300010.SZ,豆神教育,2025-06-12,7.8,7.79,7.92,7.68,87660929
300010.SZ,豆神教育,2025-06-13,7.76,7.87,7.97,7.68,102025175
300010.SZ,豆神教育,2025-06-16,7.9,8.05,8.15,7.73,109405625
300010.SZ,豆神教育,2025-06-17,8.08,7.87,8.42,7.84,118314524
300010.SZ,豆神教育,2025-06-18,7.78,7.83,7.92,7.73,62374038
300010.SZ,豆神教育,2025-06-19,7.81,7.49,7.97,7.44,78387356
300010.SZ,豆神教育,2025-06-20,7.51,7.25,7.6,7.2,68889700
300010.SZ,豆神教育,2025-06-23,7.23,7.37,7.43,7.12,51088300
300010.SZ,豆神教育,2025-06-24,7.4,7.62,7.65,7.35,59863951
300010.SZ,豆神教育,2025-06-25,7.69,7.99,8.06,7.65,99238012
300010.SZ,豆神教育,2025-06-26,8.05,7.81,8.13,7.8,67461749
300010.SZ,豆神教育,2025-06-27,7.8,8.08,8.26,7.78,93345600
300010.SZ,豆神教育,2025-06-30,8.1,8.29,8.4,8.03,96288701
300010.SZ,豆神教育,2025-07-01,9.12,8.73,9.38,8.64,244223496
300010.SZ,豆神教育,2025-07-02,8.59,8.29,8.88,8.26,152053415
300010.SZ,豆神教育,2025-07-03,8.33,8.4,8.74,8.32,102938204
300010.SZ,豆神教育,2025-07-04,8.43,8.78,8.87,8.34,156721458
300010.SZ,豆神教育,2025-07-07,8.95,8.49,9.08,8.48,133864010
300010.SZ,豆神教育,2025-07-08,8.48,8.36,8.55,8.18,126520300
300010.SZ,豆神教育,2025-07-09,8.66,8.86,9.06,7.96,245356461
300010.SZ,豆神教育,2025-07-10,8.8,9.04,9.5,8.69,231566299
300010.SZ,豆神教育,2025-07-11,8.99,8.58,9.03,8.54,167519754
300010.SZ,豆神教育,2025-07-14,8.8,8.54,8.85,8.45,108765140
300010.SZ,豆神教育,2025-07-15,8.5,8.75,8.78,8.13,168182999
300010.SZ,豆神教育,2025-07-16,8.71,9.17,9.35,8.65,228036002
300010.SZ,豆神教育,2025-07-17,9.16,9.25,9.49,8.99,181592885
300010.SZ,豆神教育,2025-07-18,9.32,9.07,9.6,9.03,159774724
300010.SZ,豆神教育,2025-07-21,8.99,8.97,9.27,8.93,115633831
300010.SZ,豆神教育,2025-07-22,8.92,8.99,9.09,8.8,91006601
300010.SZ,豆神教育,2025-07-23,8.95,8.75,9.06,8.69,103457958
300010.SZ,豆神教育,2025-07-24,8.74,8.81,8.94,8.74,59383839
300010.SZ,豆神教育,2025-07-25,8.85,9.06,9.23,8.81,128753313
300010.SZ,豆神教育,2025-07-28,9.32,8.96,9.4,8.82,106408942
300010.SZ,豆神教育,2025-07-29,9.04,8.88,9.1,8.81,69166476
300010.SZ,豆神教育,2025-07-30,8.8,8.59,8.83,8.52,93454499
300010.SZ,豆神教育,2025-07-31,8.6,8.89,9.26,8.58,146647436
300010.SZ,豆神教育,2025-08-01,9.0,9.16,9.21,8.86,187791822
300010.SZ,豆神教育,2025-08-04,9.04,9.05,9.2,8.85,101077250
300010.SZ,豆神教育,2025-08-05,9.04,8.98,9.14,8.85,89903351
300010.SZ,豆神教育,2025-08-06,9.05,8.85,9.09,8.76,112024800
300010.SZ,豆神教育,2025-08-07,8.86,9.04,9.25,8.83,142675947
300010.SZ,豆神教育,2025-08-08,8.99,8.76,9.15,8.7,122280361
300010.SZ,豆神教育,2025-08-11,8.69,8.9,8.95,8.63,82024835
300010.SZ,豆神教育,2025-08-12,8.86,8.6,8.89,8.58,112190271
300010.SZ,豆神教育,2025-08-13,8.62,8.71,8.75,8.51,98090326
300010.SZ,豆神教育,2025-08-14,8.68,8.6,8.94,8.6,97153433
300010.SZ,豆神教育,2025-08-15,8.57,8.68,8.78,8.5,79771720
300010.SZ,豆神教育,2025-08-18,8.78,9.16,9.5,8.78,239876298
300010.SZ,豆神教育,2025-08-19,9.12,9.04,9.21,9.01,109801280
300010.SZ,豆神教育,2025-08-20,9.12,9.02,9.15,8.76,118160210
300010.SZ,豆神教育,2025-08-21,8.96,8.92,9.08,8.88,84894100
300010.SZ,豆神教育,2025-08-22,9.08,9.53,9.54,8.96,295640137
300010.SZ,豆神教育,2025-08-25,9.55,9.5,9.65,9.33,163741334
300010.SZ,豆神教育,2025-08-26,9.42,9.56,9.69,9.31,140540190
300010.SZ,豆神教育,2025-08-27,10.06,8.95,10.25,8.93,316437541
300010.SZ,豆神教育,2025-08-28,8.8,8.72,8.9,8.32,216230955
300010.SZ,豆神教育,2025-08-29,8.82,8.41,8.86,8.4,134494013
300010.SZ,豆神教育,2025-09-01,8.32,8.36,8.49,8.28,95043064
300010.SZ,豆神教育,2025-09-02,8.3,8.06,8.35,8.0,112511762
300010.SZ,豆神教育,2025-09-03,8.09,8.24,8.37,7.9,118987420
300010.SZ,豆神教育,2025-09-04,8.1,8.08,8.25,8.0,71742678
300010.SZ,豆神教育,2025-09-05,8.01,8.14,8.14,7.95,63500020
300010.SZ,豆神教育,2025-09-08,8.13,8.12,8.15,8.05,51445241
300010.SZ,豆神教育,2025-09-09,8.23,8.29,8.45,8.21,97372113
300010.SZ,豆神教育,2025-09-10,8.19,8.17,8.22,8.11,53754211
300010.SZ,豆神教育,2025-09-11,8.15,8.22,8.24,8.01,67110543
300010.SZ,豆神教育,2025-09-12,8.19,8.12,8.25,8.12,62003065
300010.SZ,豆神教育,2025-09-15,8.08,8.01,8.12,7.99,60333318
300010.SZ,豆神教育,2025-09-16,8.01,8.14,8.19,7.98,61609117
300010.SZ,豆神教育,2025-09-17,8.12,8.04,8.13,8.03,55324304
300010.SZ,豆神教育,2025-09-18,8.02,7.9,8.05,7.89,73387055
300010.SZ,豆神教育,2025-09-19,7.88,7.97,8.02,7.63,109516252
300010.SZ,豆神教育,2025-09-22,7.87,7.7,7.88,7.68,59946288
300010.SZ,豆神教育,2025-09-23,7.66,7.35,7.69,7.23,75883168
300010.SZ,豆神教育,2025-09-24,7.33,7.38,7.42,7.27,56875717
300010.SZ,豆神教育,2025-09-25,7.41,7.72,7.78,7.37,111034391
300010.SZ,豆神教育,2025-09-26,7.63,7.71,7.98,7.57,97699168
300010.SZ,豆神教育,2025-09-29,7.7,7.6,7.8,7.58,54540730
300010.SZ,豆神教育,2025-09-30,7.74,8.28,8.63,7.73,250908036
300010.SZ,豆神教育,2025-10-09,8.12,8.25,8.36,8.0,154315568
300010.SZ,豆神教育,2025-10-10,8.23,7.94,8.23,7.93,90527726
300010.SZ,豆神教育,2025-10-13,7.5,7.66,7.77,7.5,78246702
300010.SZ,豆神教育,2025-10-14,7.73,7.49,7.83,7.47,75734057
300010.SZ,豆神教育,2025-10-15,7.5,7.56,7.56,7.38,46760581
300010.SZ,豆神教育,2025-10-16,7.56,7.43,7.62,7.4,48393716
300010.SZ,豆神教育,2025-10-17,7.4,7.18,7.47,7.16,55168465
300010.SZ,豆神教育,2025-10-20,7.22,7.29,7.34,7.21,35506677
300010.SZ,豆神教育,2025-10-21,7.25,7.31,7.33,7.17,42838283
300010.SZ,豆神教育,2025-10-22,7.26,7.2,7.37,7.18,52734506
300010.SZ,豆神教育,2025-10-23,7.17,7.24,7.25,6.98,72060128
300010.SZ,豆神教育,2025-10-24,7.22,7.06,7.24,7.03,73016699
300010.SZ,豆神教育,2025-10-27,7.01,7.06,7.1,6.92,62639983
300010.SZ,豆神教育,2025-10-28,7.0,7.0,7.09,6.97,53554320
300010.SZ,豆神教育,2025-10-29,6.98,6.93,7.01,6.88,60593317
300010.SZ,豆神教育,2025-10-30,6.88,6.84,6.97,6.81,51344122
300010.SZ,豆神教育,2025-10-31,6.85,7.04,7.12,6.85,79766812
300010.SZ,豆神教育,2025-11-03,7.04,7.27,7.32,7.04,98238013
300010.SZ,豆神教育,2025-11-04,7.2,7.15,7.23,7.03,76035047
300010.SZ,豆神教育,2025-11-05,7.06,7.13,7.15,7.03,43696098
300010.SZ,豆神教育,2025-11-06,7.14,7.04,7.15,7.0,47616683
300010.SZ,豆神教育,2025-11-07,7.03,6.97,7.04,6.96,34198882
300010.SZ,豆神教育,2025-11-10,6.96,7.02,7.03,6.91,40227777
300010.SZ,豆神教育,2025-11-11,7.0,6.92,7.02,6.9,40600073
300010.SZ,豆神教育,2025-11-12,6.88,6.73,6.92,6.69,54252866
300010.SZ,豆神教育,2025-11-13,6.75,6.76,6.77,6.64,47244569
300010.SZ,豆神教育,2025-11-14,6.71,6.65,6.75,6.65,34798800
300010.SZ,豆神教育,2025-11-17,6.65,6.82,6.82,6.65,47795457
300010.SZ,豆神教育,2025-11-18,6.78,6.88,6.93,6.73,61256171
300010.SZ,豆神教育,2025-11-19,6.85,6.72,6.86,6.68,42463649
300010.SZ,豆神教育,2025-11-20,6.75,6.6,6.75,6.55,40984291
300010.SZ,豆神教育,2025-11-21,6.5,6.38,6.65,6.37,51905474
300010.SZ,豆神教育,2025-11-24,6.45,6.72,6.75,6.39,75829324
300010.SZ,豆神教育,2025-11-25,6.75,7.0,7.2,6.72,118806445
300010.SZ,豆神教育,2025-11-26,6.88,6.79,7.0,6.77,74185132
300010.SZ,豆神教育,2025-11-27,6.76,6.59,6.78,6.58,56890700
300010.SZ,豆神教育,2025-11-28,6.57,6.71,6.84,6.57,61629812
300010.SZ,豆神教育,2025-12-01,6.67,6.66,6.68,6.59,36483800
300010.SZ,豆神教育,2025-12-02,6.65,6.54,6.66,6.52,37067737
300010.SZ,豆神教育,2025-12-03,6.54,6.41,6.54,6.38,34027507
300010.SZ,豆神教育,2025-12-04,6.39,6.33,6.42,6.3,26775400
300010.SZ,豆神教育,2025-12-05,6.38,6.43,6.44,6.31,26874100
300010.SZ,豆神教育,2025-12-08,6.5,6.52,6.62,6.46,42835602
300010.SZ,豆神教育,2025-12-09,6.5,6.56,6.75,6.47,59843905
300010.SZ,豆神教育,2025-12-10,6.52,6.84,7.08,6.42,109661071
300010.SZ,豆神教育,2025-12-11,6.68,6.64,6.8,6.63,63510002
300010.SZ,豆神教育,2025-12-12,6.68,6.73,6.85,6.61,53382948
300010.SZ,豆神教育,2025-12-15,6.7,6.58,6.79,6.58,45717700
300010.SZ,豆神教育,2025-12-16,6.5,6.75,6.76,6.5,67007453
300010.SZ,豆神教育,2025-12-17,6.68,7.02,7.03,6.66,107879291
300010.SZ,豆神教育,2025-12-18,6.95,6.97,7.18,6.92,98748925
300010.SZ,豆神教育,2025-12-19,6.97,7.19,7.3,6.93,113129945
300010.SZ,豆神教育,2025-12-22,7.2,7.21,7.24,7.04,80905201
300010.SZ,豆神教育,2025-12-23,7.19,7.16,7.33,7.08,75161944
300010.SZ,豆神教育,2025-12-24,7.13,7.32,7.49,7.08,99390915
300010.SZ,豆神教育,2025-12-25,7.28,7.25,7.48,7.22,85920743
300010.SZ,豆神教育,2025-12-26,7.25,7.2,7.32,7.1,71065953
300010.SZ,豆神教育,2025-12-29,7.2,7.28,7.41,7.13,76508401
300010.SZ,豆神教育,2025-12-30,7.24,7.05,7.31,7.0,74788354
300010.SZ,豆神教育,2025-12-31,7.4,7.24,7.52,7.14,168957503
300338.SZ,开元教育,2025-01-02,4.8,4.56,4.8,4.5,19637700
300338.SZ,开元教育,2025-01-03,4.6,4.09,4.61,4.03,20917200
300338.SZ,开元教育,2025-01-06,4.09,3.99,4.22,3.9,14374700
300338.SZ,开元教育,2025-01-07,4.05,4.24,4.25,3.98,11190000
300338.SZ,开元教育,2025-01-08,4.2,4.13,4.21,4.0,12588900
300338.SZ,开元教育,2025-01-09,4.09,4.14,4.18,4.07,7314300
300338.SZ,开元教育,2025-01-10,4.11,4.12,4.23,4.09,8359000
300338.SZ,开元教育,2025-01-13,4.01,3.99,4.06,3.94,6427300
300338.SZ,开元教育,2025-01-14,4.02,4.17,4.2,3.99,9393002
300338.SZ,开元教育,2025-01-15,4.17,4.3,4.49,4.12,14648500
300338.SZ,开元教育,2025-01-16,4.3,4.24,4.34,4.23,8577000
300338.SZ,开元教育,2025-01-17,4.21,4.22,4.29,4.21,5235100
300338.SZ,开元教育,2025-01-20,4.22,4.07,4.3,4.01,13232900
300338.SZ,开元教育,2025-01-21,4.03,3.8,4.08,3.74,14628300
300338.SZ,开元教育,2025-01-22,3.81,3.81,3.89,3.71,8718900
300338.SZ,开元教育,2025-01-23,3.83,3.8,3.99,3.8,11177400
300338.SZ,开元教育,2025-01-24,3.8,3.69,3.8,3.65,9552000
300338.SZ,开元教育,2025-01-27,3.66,3.4,3.67,3.33,15924400
300338.SZ,开元教育,2025-02-05,3.45,3.55,3.63,3.35,11571802
300338.SZ,开元教育,2025-02-06,3.56,3.53,3.57,3.48,8651004
300338.SZ,开元教育,2025-02-07,3.52,3.89,4.08,3.51,20340202
300338.SZ,开元教育,2025-02-10,3.82,3.98,4.06,3.82,14685500
300338.SZ,开元教育,2025-02-11,3.95,4.01,4.17,3.85,15686150
300338.SZ,开元教育,2025-02-12,3.93,3.95,4.02,3.92,9341798
300338.SZ,开元教育,2025-02-13,3.96,3.92,4.08,3.91,8939600
300338.SZ,开元教育,2025-02-14,3.92,3.75,3.94,3.73,10723100
300338.SZ,开元教育,2025-02-17,3.72,3.83,4.03,3.72,12991000
300338.SZ,开元教育,2025-02-18,3.82,3.68,3.84,3.64,13648569
300338.SZ,开元教育,2025-02-19,3.68,3.72,3.75,3.68,6848207
300338.SZ,开元教育,2025-02-20,3.73,3.69,3.78,3.65,7885100
300338.SZ,开元教育,2025-02-21,3.71,3.61,3.72,3.58,11478493
300338.SZ,开元教育,2025-02-24,3.61,3.52,3.61,3.5,10986500
300338.SZ,开元教育,2025-02-25,3.53,3.51,3.62,3.49,8636857
300338.SZ,开元教育,2025-02-26,3.5,3.48,3.55,3.4,9340363
300338.SZ,开元教育,2025-02-27,3.46,3.53,3.58,3.46,10598800
300338.SZ,开元教育,2025-02-28,3.53,3.56,3.61,3.42,10726600
300338.SZ,开元教育,2025-03-03,3.63,3.5,3.63,3.49,7661000
300338.SZ,开元教育,2025-03-04,3.45,3.38,3.48,3.34,12117200
300338.SZ,开元教育,2025-03-05,3.39,3.4,3.41,3.33,9390212
300338.SZ,开元教育,2025-03-06,3.41,3.44,3.5,3.38,9175203
300338.SZ,开元教育,2025-03-07,3.44,3.55,3.6,3.41,12289903
300338.SZ,开元教育,2025-03-10,3.53,3.54,3.63,3.47,10451900
300338.SZ,开元教育,2025-03-11,3.51,3.54,3.57,3.47,7245900
300338.SZ,开元教育,2025-03-12,3.52,3.76,3.86,3.48,18569061
300338.SZ,开元教育,2025-03-13,3.76,3.86,3.98,3.76,19702500
300338.SZ,开元教育,2025-03-14,3.84,3.86,3.92,3.77,12524678
300338.SZ,开元教育,2025-03-17,3.86,3.8,3.9,3.77,8484700
300338.SZ,开元教育,2025-03-18,3.8,3.73,3.8,3.68,7924700
300338.SZ,开元教育,2025-03-19,3.74,3.76,3.83,3.7,6026500
300338.SZ,开元教育,2025-03-20,3.76,3.79,3.81,3.72,6613700
300338.SZ,开元教育,2025-03-21,3.77,3.81,3.88,3.76,6592200
300338.SZ,开元教育,2025-03-24,3.82,3.6,3.82,3.5,13574567
300338.SZ,开元教育,2025-03-25,3.62,3.71,3.83,3.56,9063665
300338.SZ,开元教育,2025-03-26,3.68,3.75,3.76,3.65,6260792
300338.SZ,开元教育,2025-03-27,3.75,3.82,3.86,3.67,9241800
300338.SZ,开元教育,2025-03-28,3.8,4.03,4.17,3.8,19946610
300338.SZ,开元教育,2025-03-31,4.06,4.1,4.26,4.02,20702200
300338.SZ,开元教育,2025-04-01,4.1,4.69,4.8,4.0,28966158
300338.SZ,开元教育,2025-04-02,4.65,4.8,4.97,4.52,24504677
300338.SZ,开元教育,2025-04-03,4.77,4.71,4.95,4.67,13084902
300338.SZ,开元教育,2025-04-07,4.33,4.0,4.52,3.87,20872684
300338.SZ,开元教育,2025-04-08,4.01,4.09,4.34,4.0,17521710
300338.SZ,开元教育,2025-04-09,3.99,4.2,4.27,3.84,15815900
300338.SZ,开元教育,2025-04-10,4.39,4.36,4.43,4.2,13053461
300338.SZ,开元教育,2025-04-11,4.29,4.58,4.65,4.29,14465500
300338.SZ,开元教育,2025-04-14,4.56,4.65,4.78,4.56,14261700
300338.SZ,开元教育,2025-04-15,4.53,4.69,4.87,4.53,14593800
300338.SZ,开元教育,2025-04-16,4.63,4.48,4.69,4.33,16646600
300338.SZ,开元教育,2025-04-17,4.41,4.34,4.53,4.22,13213600
300338.SZ,开元教育,2025-04-18,4.34,4.64,4.68,4.3,12711700
300338.SZ,开元教育,2025-04-21,4.5,4.49,4.64,4.35,15039661
300338.SZ,开元教育,2025-04-22,4.45,4.59,4.65,4.45,10717096
300338.SZ,开元教育,2025-04-23,4.58,4.61,4.73,4.54,11462132
300338.SZ,开元教育,2025-04-24,4.6,4.59,4.67,4.55,6721820
300338.SZ,开元教育,2025-04-25,4.53,4.51,4.67,4.36,13546500
300338.SZ,开元教育,2025-04-28,4.6,4.36,4.65,4.36,11124500
300338.SZ,开元教育,2025-04-29,4.35,4.2,4.35,4.12,9781100
300338.SZ,开元教育,2025-04-30,4.21,4.31,4.38,4.16,7197700
300338.SZ,开元教育,2025-05-06,4.37,4.31,4.43,4.3,7546600
300338.SZ,开元教育,2025-05-07,4.33,4.24,4.37,4.22,8886000
300338.SZ,开元教育,2025-05-08,4.26,4.36,4.43,4.21,9787000
300338.SZ,开元教育,2025-05-09,4.41,4.21,4.41,4.17,11695200
300338.SZ,开元教育,2025-05-12,4.22,4.18,4.29,4.18,7618300
300338.SZ,开元教育,2025-05-13,4.22,4.33,4.39,4.11,14607118
300338.SZ,开元教育,2025-05-14,4.3,4.24,4.37,4.23,7855100
300338.SZ,开元教育,2025-05-15,4.24,4.33,4.43,4.21,10182918
300338.SZ,开元教育,2025-05-16,4.29,4.36,4.37,4.24,5271199
300338.SZ,开元教育,2025-05-19,4.47,4.4,4.48,4.35,10694300
300338.SZ,开元教育,2025-05-20,4.37,4.38,4.43,4.31,9449800
300338.SZ,开元教育,2025-05-21,4.34,4.3,4.36,4.27,6570200
300338.SZ,开元教育,2025-05-22,4.28,4.23,4.29,4.17,7667200
300338.SZ,开元教育,2025-05-23,4.25,4.18,4.25,4.17,4573000
300338.SZ,开元教育,2025-05-26,4.13,4.23,4.25,4.13,4818420
300338.SZ,开元教育,2025-05-27,4.23,4.22,4.25,4.2,3874300
300338.SZ,开元教育,2025-05-28,4.21,4.18,4.23,4.15,4026220
300338.SZ,开元教育,2025-05-29,4.18,4.2,4.21,4.15,4729600
300338.SZ,开元教育,2025-05-30,4.2,4.28,4.3,4.17,7570720
300338.SZ,开元教育,2025-06-03,4.26,4.19,4.31,4.17,5471320
300338.SZ,开元教育,2025-06-04,4.2,4.29,4.3,4.18,5839700
300338.SZ,开元教育,2025-06-05,4.3,4.37,4.44,4.26,8165900
300338.SZ,开元教育,2025-06-06,4.37,4.3,4.38,4.29,5423300
300338.SZ,开元教育,2025-06-09,4.3,4.3,4.3,4.3,0
300338.SZ,开元教育,2025-06-10,4.44,4.35,4.65,4.35,25359700
300338.SZ,开元教育,2025-06-11,4.35,4.25,4.4,4.21,13941920
300338.SZ,开元教育,2025-06-12,4.23,4.2,4.26,4.19,8303200
300338.SZ,开元教育,2025-06-13,4.18,4.03,4.19,4.03,9718300
300338.SZ,开元教育,2025-06-16,4.0,4.11,4.18,3.98,5416600
300338.SZ,开元教育,2025-06-17,4.1,4.08,4.11,4.05,4045100
300338.SZ,开元教育,2025-06-18,4.05,4.01,4.07,3.99,4218302
300338.SZ,开元教育,2025-06-19,4.01,3.98,4.04,3.98,4244100
300338.SZ,开元教育,2025-06-20,4.0,3.83,4.02,3.82,6935500
300338.SZ,开元教育,2025-06-23,3.81,3.93,3.99,3.77,5823100
300338.SZ,开元教育,2025-06-24,3.92,3.99,4.0,3.91,4534900
300338.SZ,开元教育,2025-06-25,3.99,3.95,4.01,3.93,5512100
300338.SZ,开元教育,2025-06-26,3.95,4.01,4.04,3.91,5665400
300338.SZ,开元教育,2025-06-27,4.01,4.02,4.08,4.0,4950700
300338.SZ,开元教育,2025-06-30,4.01,3.97,4.06,3.94,5845300
300338.SZ,开元教育,2025-07-01,4.0,4.29,4.39,4.0,17568765
300338.SZ,开元教育,2025-07-02,4.26,4.39,4.45,4.19,14859700
300338.SZ,开元教育,2025-07-03,4.37,4.29,4.45,4.28,8512800
300338.SZ,开元教育,2025-07-04,4.3,4.25,4.36,4.23,4715500
300338.SZ,开元教育,2025-07-07,4.28,4.21,4.33,4.19,4159100
300338.SZ,开元教育,2025-07-08,4.22,4.22,4.24,4.17,4094200
300338.SZ,开元教育,2025-07-09,4.23,4.26,4.32,4.21,4427900
300338.SZ,开元教育,2025-07-10,4.26,4.26,4.33,4.21,3950700
300338.SZ,开元教育,2025-07-11,4.26,4.23,4.26,4.21,3998900
300338.SZ,开元教育,2025-07-14,4.24,4.11,4.27,4.1,5728800
300338.SZ,开元教育,2025-07-15,4.14,4.07,4.15,4.06,3968000
300338.SZ,开元教育,2025-07-16,4.08,4.13,4.13,4.05,3215400
300338.SZ,开元教育,2025-07-17,4.14,4.21,4.25,4.1,5900100
300338.SZ,开元教育,2025-07-18,4.18,4.2,4.24,4.16,3601500
300338.SZ,开元教育,2025-07-21,4.2,4.13,4.21,4.12,5240700
300338.SZ,开元教育,2025-07-22,4.12,4.09,4.13,4.08,3704000
300338.SZ,开元教育,2025-07-23,4.08,3.96,4.08,3.91,12152465
300338.SZ,开元教育,2025-07-24,3.97,3.94,3.99,3.91,6168204
300338.SZ,开元教育,2025-07-25,3.95,4.04,4.06,3.91,6643304
300338.SZ,开元教育,2025-07-28,4.03,3.94,4.03,3.93,7222104
300338.SZ,开元教育,2025-07-29,3.97,3.92,3.99,3.91,4602302
300338.SZ,开元教育,2025-07-30,3.92,3.9,3.93,3.88,3586900
300338.SZ,开元教育,2025-07-31,3.89,3.92,3.98,3.88,3900200
300338.SZ,开元教育,2025-08-01,3.91,3.95,3.96,3.91,2603800
300338.SZ,开元教育,2025-08-04,3.91,3.94,3.95,3.88,4139520
300338.SZ,开元教育,2025-08-05,3.94,3.94,3.97,3.92,3445400
300338.SZ,开元教育,2025-08-06,3.94,4.0,4.04,3.92,4969200
300338.SZ,开元教育,2025-08-07,4.0,3.99,4.02,3.96,4666302
300338.SZ,开元教育,2025-08-08,3.99,3.92,3.99,3.91,5200800
300338.SZ,开元教育,2025-08-11,3.95,3.94,3.95,3.88,4853900
300338.SZ,开元教育,2025-08-12,3.93,3.91,3.94,3.9,3346900
300338.SZ,开元教育,2025-08-13,3.9,3.9,3.92,3.89,5246000
300338.SZ,开元教育,2025-08-14,3.91,3.83,3.91,3.81,5958800
300338.SZ,开元教育,2025-08-15,3.84,3.89,3.91,3.82,3050900
300338.SZ,开元教育,2025-08-18,3.86,3.9,3.92,3.84,7859400
300338.SZ,开元教育,2025-08-19,3.88,3.85,3.89,3.83,7555620
300338.SZ,开元教育,2025-08-20,3.83,4.38,4.49,3.81,33072622
300338.SZ,开元教育,2025-08-21,4.26,4.14,4.34,4.12,21100620
300338.SZ,开元教育,2025-08-22,4.18,4.23,4.42,4.17,14898365
300338.SZ,开元教育,2025-08-25,4.21,4.31,4.4,4.07,16609700
300338.SZ,开元教育,2025-08-26,4.29,4.34,4.38,4.25,11393100
300338.SZ,开元教育,2025-08-27,4.3,4.15,4.35,4.15,10132700
300338.SZ,开元教育,2025-08-28,4.18,4.24,4.26,4.04,8907832
300338.SZ,开元教育,2025-08-29,4.18,4.1,4.18,4.09,6787800
300338.SZ,开元教育,2025-09-01,4.11,4.14,4.17,4.1,5048700
300338.SZ,开元教育,2025-09-02,4.11,4.05,4.14,4.03,5707400
300338.SZ,开元教育,2025-09-03,4.05,4.01,4.11,3.97,5606320
300338.SZ,开元教育,2025-09-04,4.01,4.01,4.09,3.96,5385835
300338.SZ,开元教育,2025-09-05,4.04,4.05,4.06,3.99,4665335
300338.SZ,开元教育,2025-09-08,4.04,4.2,4.34,4.02,13005035
300338.SZ,开元教育,2025-09-09,4.21,4.22,4.29,4.15,8942367
300338.SZ,开元教育,2025-09-10,4.22,4.17,4.25,4.12,5791374
300338.SZ,开元教育,2025-09-11,4.17,4.16,4.22,4.13,5255600
300338.SZ,开元教育,2025-09-12,4.18,4.12,4.18,4.11,5492800
300338.SZ,开元教育,2025-09-15,4.13,4.13,4.19,4.05,5469300
300338.SZ,开元教育,2025-09-16,4.12,4.09,4.13,4.05,4199700
300338.SZ,开元教育,2025-09-17,4.1,4.08,4.11,4.07,4696500
300338.SZ,开元教育,2025-09-18,4.09,4.0,4.1,3.99,6144300
300338.SZ,开元教育,2025-09-19,4.0,4.11,4.17,3.96,6498800
300338.SZ,开元教育,2025-09-22,4.07,4.03,4.15,4.01,4053000
300338.SZ,开元教育,2025-09-23,4.04,3.95,4.04,3.9,4493400
300338.SZ,开元教育,2025-09-24,3.94,3.93,3.97,3.89,4180000
300338.SZ,开元教育,2025-09-25,3.95,3.92,4.01,3.92,4754800
300338.SZ,开元教育,2025-09-26,3.92,3.97,4.01,3.9,6091743
300338.SZ,开元教育,2025-09-29,3.93,3.95,3.99,3.92,5465000
300338.SZ,开元教育,2025-09-30,3.9,3.93,3.98,3.9,5368600
300338.SZ,开元教育,2025-10-09,3.93,3.87,3.93,3.86,8119700
300338.SZ,开元教育,2025-10-10,3.9,3.93,4.02,3.89,5589400
300338.SZ,开元教育,2025-10-13,3.83,3.95,3.96,3.78,5035700
300338.SZ,开元教育,2025-10-14,3.96,3.92,4.02,3.9,5911600
300338.SZ,开元教育,2025-10-15,3.95,3.99,4.0,3.91,4846600
300338.SZ,开元教育,2025-10-16,3.98,4.07,4.08,3.96,7216400
300338.SZ,开元教育,2025-10-17,4.03,3.97,4.03,3.95,4764900
300338.SZ,开元教育,2025-10-20,4.02,3.97,4.02,3.95,4342100
300338.SZ,开元教育,2025-10-21,3.98,3.97,3.98,3.92,4609600
300338.SZ,开元教育,2025-10-22,3.93,3.92,3.95,3.88,5781902
300338.SZ,开元教育,2025-10-23,3.91,3.88,3.93,3.84,6141800
300338.SZ,开元教育,2025-10-24,3.9,3.86,3.91,3.86,4259702
300338.SZ,开元教育,2025-10-27,3.85,3.9,3.9,3.83,4763002
300338.SZ,开元教育,2025-10-28,3.88,3.93,3.94,3.86,4722100
300338.SZ,开元教育,2025-10-29,3.93,3.88,3.93,3.87,4636402
300338.SZ,开元教育,2025-10-30,3.87,3.8,3.88,3.8,6561600
300338.SZ,开元教育,2025-10-31,3.81,3.84,3.85,3.81,4075900
300338.SZ,开元教育,2025-11-03,3.84,3.95,4.01,3.81,11109900
300338.SZ,开元教育,2025-11-04,3.92,4.12,4.28,3.92,20917602
300338.SZ,开元教育,2025-11-05,4.11,4.1,4.19,4.06,10360400
300338.SZ,开元教育,2025-11-06,4.13,4.04,4.13,4.02,7035558
300338.SZ,开元教育,2025-11-07,4.03,4.05,4.09,4.01,5840076
300338.SZ,开元教育,2025-11-10,4.01,3.99,4.02,3.96,7333609
300338.SZ,开元教育,2025-11-11,3.99,4.06,4.08,3.98,5818409
300338.SZ,开元教育,2025-11-12,4.07,4.06,4.1,3.99,5995009
300338.SZ,开元教育,2025-11-13,4.05,4.25,4.39,4.02,21635656
300338.SZ,开元教育,2025-11-14,4.18,4.37,4.41,4.18,17970640
300338.SZ,开元教育,2025-11-17,4.33,4.24,4.37,4.2,11141279
300338.SZ,开元教育,2025-11-18,4.22,4.69,4.88,4.18,33856246
300338.SZ,开元教育,2025-11-19,4.67,4.57,4.85,4.42,22929142
300338.SZ,开元教育,2025-11-20,4.58,4.38,4.63,4.31,16561502
300338.SZ,开元教育,2025-11-21,4.36,4.18,4.55,4.18,15743500
300338.SZ,开元教育,2025-11-24,4.17,4.08,4.24,4.02,14911784
300338.SZ,开元教育,2025-11-25,4.08,4.14,4.28,4.08,11583600
300338.SZ,开元教育,2025-11-26,4.11,4.26,4.32,4.05,14222707
300338.SZ,开元教育,2025-11-27,4.23,4.11,4.25,4.1,9308402
300338.SZ,开元教育,2025-11-28,4.11,4.18,4.19,4.09,7022605
300338.SZ,开元教育,2025-12-01,4.15,4.17,4.22,4.11,6851000
300338.SZ,开元教育,2025-12-02,4.16,4.14,4.19,4.12,4476800
300338.SZ,开元教育,2025-12-03,4.14,3.96,4.14,3.92,13077000
300338.SZ,开元教育,2025-12-04,3.94,3.94,3.99,3.89,6259000
300338.SZ,开元教育,2025-12-05,3.96,3.93,3.96,3.89,5278700
300338.SZ,开元教育,2025-12-08,3.92,3.93,3.95,3.89,5624405
300338.SZ,开元教育,2025-12-09,3.92,3.86,3.92,3.86,6479800
300338.SZ,开元教育,2025-12-10,3.85,3.92,3.95,3.83,6041600
300338.SZ,开元教育,2025-12-11,3.91,3.87,3.91,3.83,5460300
300338.SZ,开元教育,2025-12-12,3.92,3.91,3.93,3.85,3856202
300338.SZ,开元教育,2025-12-15,3.88,3.86,3.9,3.85,3148300
300338.SZ,开元教育,2025-12-16,3.86,3.84,3.93,3.81,4981400
300338.SZ,开元教育,2025-12-17,3.81,3.86,3.87,3.8,3173900
300338.SZ,开元教育,2025-12-18,3.84,3.88,3.96,3.83,3916602
300338.SZ,开元教育,2025-12-19,3.87,3.93,3.94,3.86,3000284
300338.SZ,开元教育,2025-12-22,3.91,3.92,3.94,3.87,3582284
300338.SZ,开元教育,2025-12-23,3.92,3.81,3.92,3.79,5972900
300338.SZ,开元教育,2025-12-24,3.79,3.82,3.83,3.78,3183900
300338.SZ,开元教育,2025-12-25,3.8,3.88,3.9,3.79,5259700
300338.SZ,开元教育,2025-12-26,3.87,3.87,3.93,3.85,3892300
300338.SZ,开元教育,2025-12-29,3.87,3.83,3.87,3.82,3616700
300338.SZ,开元教育,2025-12-30,3.82,3.8,3.92,3.77,6859400
300338.SZ,开元教育,2025-12-31,3.83,3.8,3.83,3.76,3307100
600661.SS,昂立教育,2025-01-02,11.7,12.16,12.89,11.6,20663137
600661.SS,昂立教育,2025-01-03,12.17,11.06,12.18,10.99,15878801
600661.SS,昂立教育,2025-01-06,10.89,10.67,11.0,10.57,8569257
600661.SS,昂立教育,2025-01-07,10.73,11.09,11.09,10.7,5630621
600661.SS,昂立教育,2025-01-08,10.95,11.11,11.18,10.67,6049100
600661.SS,昂立教育,2025-01-09,11.05,11.19,11.34,10.95,4667600
600661.SS,昂立教育,2025-01-10,11.2,10.71,11.26,10.7,5118100
600661.SS,昂立教育,2025-01-13,10.49,10.76,10.87,10.29,3768600
600661.SS,昂立教育,2025-01-14,10.79,11.2,11.38,10.79,7561353
600661.SS,昂立教育,2025-01-15,11.4,11.15,11.52,11.08,10293500
600661.SS,昂立教育,2025-01-16,11.2,11.11,11.48,11.05,8062700
600661.SS,昂立教育,2025-01-17,11.11,11.11,11.27,10.96,4993952
600661.SS,昂立教育,2025-01-20,12.0,11.27,12.0,11.18,11860791
600661.SS,昂立教育,2025-01-21,11.05,10.96,11.26,10.74,9449689
600661.SS,昂立教育,2025-01-22,10.85,10.63,10.9,10.56,8176700
600661.SS,昂立教育,2025-01-23,10.79,10.55,10.92,10.55,9113300
600661.SS,昂立教育,2025-01-24,10.55,10.69,10.82,10.45,9975598
600661.SS,昂立教育,2025-01-27,10.72,10.57,10.8,10.55,5610498
600661.SS,昂立教育,2025-02-05,10.61,10.93,11.0,10.59,8959401
600661.SS,昂立教育,2025-02-06,10.75,11.14,11.14,10.68,8564400
600661.SS,昂立教育,2025-02-07,11.08,11.37,11.43,11.07,9371400
600661.SS,昂立教育,2025-02-10,11.39,11.72,11.82,11.38,12731500
600661.SS,昂立教育,2025-02-11,11.74,11.64,11.9,11.5,10900901
600661.SS,昂立教育,2025-02-12,11.7,11.6,11.88,11.54,9200700
600661.SS,昂立教育,2025-02-13,11.66,11.5,11.77,11.44,7879309
600661.SS,昂立教育,2025-02-14,11.49,11.73,11.98,11.31,12652700
600661.SS,昂立教育,2025-02-17,12.12,12.3,12.9,12.02,36014805
600661.SS,昂立教育,2025-02-18,12.0,11.23,12.11,11.2,23259801
600661.SS,昂立教育,2025-02-19,11.22,11.37,11.55,11.22,12247201
600661.SS,昂立教育,2025-02-20,11.33,11.68,11.88,11.28,14047700
600661.SS,昂立教育,2025-02-21,11.61,11.47,11.62,11.18,13140500
600661.SS,昂立教育,2025-02-24,11.37,11.29,11.4,11.15,10262000
600661.SS,昂立教育,2025-02-25,11.16,11.13,11.33,11.05,7516901
600661.SS,昂立教育,2025-02-26,11.14,11.23,11.28,11.06,8102401
600661.SS,昂立教育,2025-02-27,11.23,11.06,11.43,10.86,11377201
600661.SS,昂立教育,2025-02-28,11.0,10.68,11.14,10.63,7974900
600661.SS,昂立教育,2025-03-03,10.84,10.69,10.99,10.63,8144312
600661.SS,昂立教育,2025-03-04,10.63,10.94,10.95,10.55,6443200
600661.SS,昂立教育,2025-03-05,10.91,10.92,11.04,10.78,7309212
600661.SS,昂立教育,2025-03-06,10.98,11.18,11.19,10.91,11021600
600661.SS,昂立教育,2025-03-07,11.19,11.03,11.28,10.97,8553110
600661.SS,昂立教育,2025-03-10,11.04,10.96,11.14,10.9,6263300
600661.SS,昂立教育,2025-03-11,10.78,10.96,10.97,10.72,4774410
600661.SS,昂立教育,2025-03-12,10.99,10.91,11.06,10.91,5556000
600661.SS,昂立教育,2025-03-13,10.86,10.76,10.99,10.6,6844147
600661.SS,昂立教育,2025-03-14,10.82,11.2,11.2,10.68,10607900
600661.SS,昂立教育,2025-03-17,11.28,11.28,11.55,11.24,14270700
600661.SS,昂立教育,2025-03-18,11.38,11.27,11.57,11.23,8251655
600661.SS,昂立教育,2025-03-19,11.27,11.07,11.32,11.04,5958300
600661.SS,昂立教育,2025-03-20,11.05,10.95,11.12,10.91,5061110
600661.SS,昂立教育,2025-03-21,10.9,10.75,10.94,10.68,7054600
600661.SS,昂立教育,2025-03-24,10.72,10.67,10.82,10.46,7969700
600661.SS,昂立教育,2025-03-25,10.66,10.58,10.66,10.4,5661554
600661.SS,昂立教育,2025-03-26,10.54,10.67,10.71,10.45,4209401
600661.SS,昂立教育,2025-03-27,10.68,10.54,10.69,10.36,4470500
600661.SS,昂立教育,2025-03-28,10.52,10.49,10.58,10.44,3720000
600661.SS,昂立教育,2025-03-31,10.52,10.18,10.53,10.08,5851500
600661.SS,昂立教育,2025-04-01,10.18,10.26,10.37,10.18,3746701
600661.SS,昂立教育,2025-04-02,10.27,10.23,10.33,10.21,2786801
600661.SS,昂立教育,2025-04-03,10.17,10.36,10.39,10.13,4545107
600661.SS,昂立教育,2025-04-07,9.61,9.32,9.75,9.32,6643601
600661.SS,昂立教育,2025-04-08,9.28,9.1,9.43,8.92,8372914
600661.SS,昂立教育,2025-04-09,9.0,9.44,9.49,8.43,8405900
600661.SS,昂立教育,2025-04-10,9.48,9.55,9.69,9.46,6665700
600661.SS,昂立教育,2025-04-11,9.44,9.57,9.68,9.4,3696966
600661.SS,昂立教育,2025-04-14,9.59,9.74,9.85,9.59,4364100
600661.SS,昂立教育,2025-04-15,9.8,9.71,9.94,9.64,3075201
600661.SS,昂立教育,2025-04-16,9.64,9.63,9.88,9.47,6144491
600661.SS,昂立教育,2025-04-17,9.44,9.82,9.89,9.44,5327200
600661.SS,昂立教育,2025-04-18,9.72,10.01,10.12,9.65,7871400
600661.SS,昂立教育,2025-04-21,9.99,10.26,10.43,9.95,9943560
600661.SS,昂立教育,2025-04-22,10.25,10.67,11.04,10.25,14499350
600661.SS,昂立教育,2025-04-23,10.6,10.42,10.78,10.4,9599000
600661.SS,昂立教育,2025-04-24,10.49,10.45,10.68,10.33,8598400
600661.SS,昂立教育,2025-04-25,10.35,10.25,10.53,10.24,7339658
600661.SS,昂立教育,2025-04-28,10.23,10.28,10.34,10.04,6349200
600661.SS,昂立教育,2025-04-29,10.26,10.01,10.26,9.94,6084327
600661.SS,昂立教育,2025-04-30,10.11,10.16,10.31,10.0,5540100
600661.SS,昂立教育,2025-05-06,10.32,10.46,10.47,10.22,5075200
600661.SS,昂立教育,2025-05-07,10.51,10.36,10.59,10.27,4727400
600661.SS,昂立教育,2025-05-08,10.34,10.46,10.51,10.28,3529800
600661.SS,昂立教育,2025-05-09,10.5,10.29,10.5,10.27,2961300
600661.SS,昂立教育,2025-05-12,10.34,10.28,10.4,10.11,5079649
600661.SS,昂立教育,2025-05-13,10.39,10.3,10.49,10.18,5190401
600661.SS,昂立教育,2025-05-14,10.3,10.16,10.3,10.11,5596000
600661.SS,昂立教育,2025-05-15,10.13,9.96,10.15,9.88,4537800
600661.SS,昂立教育,2025-05-16,9.94,9.93,10.01,9.87,3775926
600661.SS,昂立教育,2025-05-19,9.93,10.11,10.15,9.85,4695500
600661.SS,昂立教育,2025-05-20,10.08,10.4,10.44,9.98,7260526
600661.SS,昂立教育,2025-05-21,10.4,10.3,10.4,10.16,4758100
600661.SS,昂立教育,2025-05-22,10.22,10.18,10.65,10.12,8975900
600661.SS,昂立教育,2025-05-23,10.28,9.95,10.32,9.94,7081133
600661.SS,昂立教育,2025-05-26,10.06,10.33,10.43,9.99,9129250
600661.SS,昂立教育,2025-05-27,10.3,10.26,10.33,10.08,5583400
600661.SS,昂立教育,2025-05-28,10.21,9.84,10.39,9.79,11686356
600661.SS,昂立教育,2025-05-29,9.8,10.03,10.06,9.66,9479909
600661.SS,昂立教育,2025-05-30,10.04,9.9,10.15,9.87,6365461
600661.SS,昂立教育,2025-06-03,9.99,10.31,10.55,9.91,13504107
600661.SS,昂立教育,2025-06-04,10.29,10.42,10.53,10.15,9230900
600661.SS,昂立教育,2025-06-05,10.48,10.28,10.5,10.21,5837736
600661.SS,昂立教育,2025-06-06,10.33,10.39,10.41,10.23,5054200
600661.SS,昂立教育,2025-06-09,10.51,10.66,10.8,10.37,10848781
600661.SS,昂立教育,2025-06-10,10.64,10.56,10.7,10.37,7334200
600661.SS,昂立教育,2025-06-11,10.52,10.55,10.66,10.49,5045700
600661.SS,昂立教育,2025-06-12,10.5,10.61,10.74,10.41,5973400
600661.SS,昂立教育,2025-06-13,10.58,10.31,10.62,10.28,6395700
600661.SS,昂立教育,2025-06-16,10.27,10.34,10.44,10.26,3802300
600661.SS,昂立教育,2025-06-17,10.42,10.27,10.42,10.19,4319578
600661.SS,昂立教育,2025-06-18,10.18,10.19,10.42,10.13,4870925
600661.SS,昂立教育,2025-06-19,10.17,10.05,10.27,10.0,4980617
600661.SS,昂立教育,2025-06-20,10.05,9.98,10.15,9.94,4771584
600661.SS,昂立教育,2025-06-23,9.9,10.16,10.18,9.86,3797984
600661.SS,昂立教育,2025-06-24,10.18,10.53,10.74,10.16,9249754
600661.SS,昂立教育,2025-06-25,10.53,10.64,10.73,10.5,6769900
600661.SS,昂立教育,2025-06-26,10.62,10.57,10.72,10.5,4942500
600661.SS,昂立教育,2025-06-27,10.54,10.57,10.61,10.49,4265100
600661.SS,昂立教育,2025-06-30,10.56,10.65,10.67,10.51,5251556
600661.SS,昂立教育,2025-07-01,10.67,10.86,11.06,10.67,10358176
600661.SS,昂立教育,2025-07-02,10.86,10.66,10.86,10.58,5776371
600661.SS,昂立教育,2025-07-03,10.65,10.76,10.83,10.62,4261100
600661.SS,昂立教育,2025-07-04,10.77,10.81,11.1,10.71,6379000
600661.SS,昂立教育,2025-07-07,10.77,10.77,10.81,10.64,3498538
600661.SS,昂立教育,2025-07-08,10.76,10.88,10.92,10.7,5064083
600661.SS,昂立教育,2025-07-09,11.09,10.97,11.3,10.88,7657700
600661.SS,昂立教育,2025-07-10,10.92,11.29,11.69,10.92,18511143
600661.SS,昂立教育,2025-07-11,11.29,11.1,11.45,11.01,10991300
600661.SS,昂立教育,2025-07-14,11.22,11.15,11.25,10.95,6850800
600661.SS,昂立教育,2025-07-15,11.18,10.94,11.25,10.82,8189501
600661.SS,昂立教育,2025-07-16,10.94,11.03,11.03,10.75,8079200
600661.SS,昂立教育,2025-07-17,10.98,10.88,11.04,10.81,6428213
600661.SS,昂立教育,2025-07-18,10.88,11.44,11.78,10.84,20705530
600661.SS,昂立教育,2025-07-21,11.37,11.26,11.53,11.18,12821000
600661.SS,昂立教育,2025-07-22,11.25,11.03,11.28,10.98,9261700
600661.SS,昂立教育,2025-07-23,11.0,11.01,11.25,10.93,8362900
600661.SS,昂立教育,2025-07-24,11.0,11.13,11.2,10.95,6301372
600661.SS,昂立教育,2025-07-25,11.2,11.52,11.8,11.13,19256303
600661.SS,昂立教育,2025-07-28,11.85,11.39,11.85,11.31,10737800
600661.SS,昂立教育,2025-07-29,11.68,11.27,11.83,11.11,12432891
600661.SS,昂立教育,2025-07-30,11.41,11.22,11.59,11.11,12859576
600661.SS,昂立教育,2025-07-31,11.14,11.01,11.27,10.99,10100824
600661.SS,昂立教育,2025-08-01,11.02,11.37,11.4,11.01,12451488
600661.SS,昂立教育,2025-08-04,11.3,11.18,11.33,11.03,7325086
600661.SS,昂立教育,2025-08-05,11.27,11.39,11.68,11.17,9496991
600661.SS,昂立教育,2025-08-06,12.0,12.24,12.53,11.71,45681151
600661.SS,昂立教育,2025-08-07,11.72,11.61,11.83,11.55,31897096
600661.SS,昂立教育,2025-08-08,11.52,11.39,11.55,11.26,18088129
600661.SS,昂立教育,2025-08-11,11.36,11.52,11.53,11.29,12984209
600661.SS,昂立教育,2025-08-12,11.41,11.44,11.52,11.31,12011407
600661.SS,昂立教育,2025-08-13,11.42,11.37,11.43,11.26,9786501
600661.SS,昂立教育,2025-08-14,11.32,11.1,11.37,11.04,10997261
600661.SS,昂立教育,2025-08-15,11.08,11.16,11.2,11.04,6721148
600661.SS,昂立教育,2025-08-18,11.2,11.34,11.35,11.18,9846829
600661.SS,昂立教育,2025-08-19,11.33,11.3,11.42,11.19,9052451
600661.SS,昂立教育,2025-08-20,11.25,11.29,11.29,11.15,6592404
600661.SS,昂立教育,2025-08-21,11.3,11.32,11.4,11.27,8526580
600661.SS,昂立教育,2025-08-22,11.45,11.39,11.51,11.3,12069579
600661.SS,昂立教育,2025-08-25,11.41,11.31,11.44,11.25,9429353
600661.SS,昂立教育,2025-08-26,11.28,11.29,11.39,11.22,8147467
600661.SS,昂立教育,2025-08-27,11.33,11.05,11.52,11.05,9770169
600661.SS,昂立教育,2025-08-28,11.05,10.92,11.13,10.65,10527010
600661.SS,昂立教育,2025-08-29,10.84,10.87,10.92,10.83,4106668
600661.SS,昂立教育,2025-09-01,10.87,10.91,10.93,10.76,4130501
600661.SS,昂立教育,2025-09-02,10.9,10.7,10.91,10.62,6006917
600661.SS,昂立教育,2025-09-03,10.71,10.59,10.76,10.55,4813900
600661.SS,昂立教育,2025-09-04,10.58,10.69,10.8,10.51,5596567
600661.SS,昂立教育,2025-09-05,10.71,10.75,10.75,10.46,4621300
600661.SS,昂立教育,2025-09-08,10.73,10.86,10.89,10.65,4537871
600661.SS,昂立教育,2025-09-09,10.86,10.87,11.07,10.78,5513344
600661.SS,昂立教育,2025-09-10,10.88,10.88,10.93,10.79,3665939
600661.SS,昂立教育,2025-09-11,10.86,10.8,10.87,10.66,5338100
600661.SS,昂立教育,2025-09-12,10.8,10.72,10.82,10.69,3625271
600661.SS,昂立教育,2025-09-15,10.75,10.68,10.78,10.67,2357382
600661.SS,昂立教育,2025-09-16,10.68,10.83,10.94,10.66,3843833
600661.SS,昂立教育,2025-09-17,10.87,10.77,10.88,10.75,3504743
600661.SS,昂立教育,2025-09-18,10.72,10.67,10.77,10.56,5325100
600661.SS,昂立教育,2025-09-19,10.6,10.81,10.9,10.58,6012517
600661.SS,昂立教育,2025-09-22,10.75,10.57,10.81,10.54,4042101
600661.SS,昂立教育,2025-09-23,10.57,10.19,10.57,10.03,6940227
600661.SS,昂立教育,2025-09-24,10.14,10.31,10.34,10.14,4659301
600661.SS,昂立教育,2025-09-25,10.26,10.3,10.4,10.21,3525162
600661.SS,昂立教育,2025-09-26,10.25,10.22,10.35,10.17,3118400
600661.SS,昂立教育,2025-09-29,10.17,10.15,10.32,9.96,3176502
600661.SS,昂立教育,2025-09-30,10.15,10.14,10.27,10.12,2816593
600661.SS,昂立教育,2025-10-09,10.14,10.11,10.15,9.99,3840734
600661.SS,昂立教育,2025-10-10,10.05,10.15,10.22,10.03,2636000
600661.SS,昂立教育,2025-10-13,9.51,10.0,10.04,9.51,4231403
600661.SS,昂立教育,2025-10-14,10.12,10.01,10.19,9.98,2983000
600661.SS,昂立教育,2025-10-15,9.99,10.08,10.13,9.98,2593102
600661.SS,昂立教育,2025-10-16,10.09,10.21,10.26,10.04,4916905
600661.SS,昂立教育,2025-10-17,10.16,10.1,10.48,10.1,4076000
600661.SS,昂立教育,2025-10-20,10.14,10.22,10.28,10.12,2792300
600661.SS,昂立教育,2025-10-21,10.3,10.55,10.58,10.23,6607162
600661.SS,昂立教育,2025-10-22,10.53,10.58,10.72,10.47,5240500
600661.SS,昂立教育,2025-10-23,10.5,10.6,10.7,10.5,3079500
600661.SS,昂立教育,2025-10-24,10.61,10.65,10.72,10.53,3945844
600661.SS,昂立教育,2025-10-27,10.76,10.94,11.02,10.65,11231036
600661.SS,昂立教育,2025-10-28,10.99,10.57,10.99,10.55,5783574
600661.SS,昂立教育,2025-10-29,10.56,10.56,10.67,10.43,4146738
600661.SS,昂立教育,2025-10-30,10.95,10.21,11.15,10.19,14736266
600661.SS,昂立教育,2025-10-31,10.25,10.68,10.79,10.18,12661600
600661.SS,昂立教育,2025-11-03,10.98,10.7,11.0,10.61,5589374
600661.SS,昂立教育,2025-11-04,10.74,10.74,10.84,10.65,4699326
600661.SS,昂立教育,2025-11-05,10.69,10.76,10.81,10.66,3874479
600661.SS,昂立教育,2025-11-06,10.76,10.65,10.78,10.58,3384400
600661.SS,昂立教育,2025-11-07,10.64,10.6,10.71,10.59,2794264
600661.SS,昂立教育,2025-11-10,10.6,10.87,10.92,10.6,6245700
600661.SS,昂立教育,2025-11-11,10.8,10.89,10.91,10.74,4420900
600661.SS,昂立教育,2025-11-12,10.89,10.81,10.9,10.76,3675700
600661.SS,昂立教育,2025-11-13,10.84,10.88,10.91,10.77,3469934
600661.SS,昂立教育,2025-11-14,10.83,10.82,10.94,10.82,4285700
600661.SS,昂立教育,2025-11-17,10.83,10.91,10.92,10.77,4217761
600661.SS,昂立教育,2025-11-18,10.91,10.88,10.92,10.78,3955901
600661.SS,昂立教育,2025-11-19,10.84,10.74,10.91,10.7,3527346
600661.SS,昂立教育,2025-11-20,10.81,10.53,10.82,10.45,3857935
600661.SS,昂立教育,2025-11-21,10.48,10.18,10.66,10.11,6182300
600661.SS,昂立教育,2025-11-24,10.28,10.53,10.58,10.21,5388501
600661.SS,昂立教育,2025-11-25,10.55,10.79,10.98,10.48,5711900
600661.SS,昂立教育,2025-11-26,10.72,10.8,10.94,10.68,5657073
600661.SS,昂立教育,2025-11-27,10.7,10.71,10.78,10.64,3099583
600661.SS,昂立教育,2025-11-28,10.74,10.88,10.93,10.66,5009701
600661.SS,昂立教育,2025-12-01,10.96,10.87,10.97,10.81,4445600
600661.SS,昂立教育,2025-12-02,10.82,10.82,10.94,10.75,3610817
600661.SS,昂立教育,2025-12-03,10.83,10.65,10.83,10.6,3434200
600661.SS,昂立教育,2025-12-04,10.57,10.46,10.68,10.39,3782000
600661.SS,昂立教育,2025-12-05,10.46,10.57,10.58,10.34,2588000
600661.SS,昂立教育,2025-12-08,10.57,10.77,10.98,10.47,6258975
600661.SS,昂立教育,2025-12-09,10.82,10.66,10.88,10.64,4405801
600661.SS,昂立教育,2025-12-10,10.61,10.62,10.88,10.42,9780500
600661.SS,昂立教育,2025-12-11,10.62,10.32,10.63,10.3,8343701
600661.SS,昂立教育,2025-12-12,10.25,10.25,10.54,10.23,5964600
600661.SS,昂立教育,2025-12-15,10.2,10.32,10.7,10.18,5541101
600661.SS,昂立教育,2025-12-16,10.31,10.32,10.46,10.27,4153824
600661.SS,昂立教育,2025-12-17,10.29,10.19,10.37,10.0,5138100
600661.SS,昂立教育,2025-12-18,10.1,10.37,10.49,10.08,5580017
600661.SS,昂立教育,2025-12-19,10.36,10.56,10.62,10.25,5952600
600661.SS,昂立教育,2025-12-22,10.55,10.39,10.56,10.34,4880800
600661.SS,昂立教育,2025-12-23,10.34,10.11,10.39,10.08,6477000
600661.SS,昂立教育,2025-12-24,10.1,10.16,10.19,10.07,3129300
600661.SS,昂立教育,2025-12-25,10.16,10.17,10.2,10.11,2931600
600661.SS,昂立教育,2025-12-26,10.18,10.16,10.28,10.12,4799100
600661.SS,昂立教育,2025-12-29,10.28,10.23,10.43,10.16,4124100
600661.SS,昂立教育,2025-12-30,10.22,10.05,10.22,10.01,4278800
600661.SS,昂立教育,2025-12-31,10.15,10.25,10.4,10.11,6983200
